run_number,kind,target,repeat,glyph_count,smart_base_count,elapsed_seconds,status,font_size,log_file
1,checkpoint,no_smart_01,1,1685,0,3.144,ok,290624,logs/001_checkpoint_no_smart_01_r1.log
2,full_family,math___smart.circle+_smart.contourIntegral+_smart.dblIntegral+_smart.integral+_smart.integral.bottom+_smart.integral.top+_smart.minus+_smart.multiply+_smart.multiply.circled+_smart.operator.circled+_smart.plus+_smart.plus.001+_smart.plus.circled+_smart.plus.circled.001+_smart.quadrupleIntegral+_smart.tripleIntegral,1,1902,16,25.236,ok,320216,logs/002_full_family_math___smart.circle__smart.contourIntegral__smart.dblIntegral__smart.integral__smart.integral.bottom_r1.log
3,full_family,math___smart.circle+_smart.contourIntegral+_smart.dblIntegral+_smart.integral+_smart.integral.bottom+_smart.integral.top+_smart.minus+_smart.multiply+_smart.multiply.circled+_smart.operator.circled+_smart.plus+_smart.plus.001+_smart.plus.circled+_smart.plus.circled.001+_smart.quadrupleIntegral+_smart.tripleIntegral,2,1902,16,25.299,ok,320216,logs/003_full_family_math___smart.circle__smart.contourIntegral__smart.dblIntegral__smart.integral__smart.integral.bottom_r2.log
4,pair,math___smart.multiply+_smart.multiply.circled,1,1685,2,2.927,ok,290624,logs/004_pair_math___smart.multiply__smart.multiply.circled_r1.log
5,pair,math___smart.contourIntegral+_smart.multiply,1,1685,2,2.916,ok,290624,logs/005_pair_math___smart.contourIntegral__smart.multiply_r1.log
6,pair,math___smart.integral.bottom+_smart.multiply,1,1686,2,2.974,ok,290624,logs/006_pair_math___smart.integral.bottom__smart.multiply_r1.log
7,pair,math___smart.plus.circled+_smart.plus.circled.001,1,1685,2,2.931,ok,290624,logs/007_pair_math___smart.plus.circled__smart.plus.circled.001_r1.log
8,pair,math___smart.circle+_smart.plus.001,1,1689,2,2.959,ok,291940,logs/008_pair_math___smart.circle__smart.plus.001_r1.log
9,pair,math___smart.plus+_smart.plus.circled,1,1685,2,2.952,ok,290624,logs/009_pair_math___smart.plus__smart.plus.circled_r1.log
10,pair,math___smart.integral+_smart.operator.circled,1,1685,2,2.907,ok,290624,logs/010_pair_math___smart.integral__smart.operator.circled_r1.log
11,pair,math___smart.integral.bottom+_smart.operator.circled,1,1686,2,2.915,ok,290624,logs/011_pair_math___smart.integral.bottom__smart.operator.circled_r1.log
12,pair,math___smart.circle+_smart.integral.bottom,1,1690,2,2.907,ok,291940,logs/012_pair_math___smart.circle__smart.integral.bottom_r1.log
13,pair,math___smart.integral.bottom+_smart.plus.001,1,1686,2,2.909,ok,290624,logs/013_pair_math___smart.integral.bottom__smart.plus.001_r1.log
14,pair,math___smart.contourIntegral+_smart.quadrupleIntegral,1,1685,2,2.914,ok,290624,logs/014_pair_math___smart.contourIntegral__smart.quadrupleIntegral_r1.log
15,pair,math___smart.circle+_smart.quadrupleIntegral,1,1689,2,2.935,ok,291940,logs/015_pair_math___smart.circle__smart.quadrupleIntegral_r1.log
16,pair,math___smart.contourIntegral+_smart.integral.top,1,1686,2,2.922,ok,290624,logs/016_pair_math___smart.contourIntegral__smart.integral.top_r1.log
17,pair,math___smart.circle+_smart.plus.circled,1,1689,2,2.981,ok,291940,logs/017_pair_math___smart.circle__smart.plus.circled_r1.log
18,pair,math___smart.dblIntegral+_smart.plus.circled.001,1,1685,2,2.928,ok,290624,logs/018_pair_math___smart.dblIntegral__smart.plus.circled.001_r1.log
19,pair,math___smart.circle+_smart.integral,1,1689,2,2.937,ok,291940,logs/019_pair_math___smart.circle__smart.integral_r1.log
20,pair,math___smart.plus.circled.001+_smart.tripleIntegral,1,1685,2,2.935,ok,290624,logs/020_pair_math___smart.plus.circled.001__smart.tripleIntegral_r1.log
21,pair,math___smart.multiply+_smart.plus.001,1,1685,2,2.916,ok,290624,logs/021_pair_math___smart.multiply__smart.plus.001_r1.log
22,pair,math___smart.operator.circled+_smart.plus.001,1,1685,2,2.901,ok,290624,logs/022_pair_math___smart.operator.circled__smart.plus.001_r1.log
23,pair,math___smart.multiply+_smart.plus,1,1685,2,2.908,ok,290624,logs/023_pair_math___smart.multiply__smart.plus_r1.log
24,pair,math___smart.integral.top+_smart.plus.circled,1,1686,2,2.921,ok,290624,logs/024_pair_math___smart.integral.top__smart.plus.circled_r1.log
25,pair,math___smart.minus+_smart.operator.circled,1,1692,2,2.966,ok,290624,logs/025_pair_math___smart.minus__smart.operator.circled_r1.log
26,pair,math___smart.minus+_smart.plus,1,1693,2,3.101,ok,290624,logs/026_pair_math___smart.minus__smart.plus_r1.log
27,pair,math___smart.plus+_smart.plus.001,1,1685,2,2.927,ok,290624,logs/027_pair_math___smart.plus__smart.plus.001_r1.log
28,pair,math___smart.contourIntegral+_smart.integral.bottom,1,1686,2,2.914,ok,290624,logs/028_pair_math___smart.contourIntegral__smart.integral.bottom_r1.log
29,pair,math___smart.plus+_smart.plus.circled.001,1,1685,2,2.917,ok,290624,logs/029_pair_math___smart.plus__smart.plus.circled.001_r1.log
30,pair,math___smart.multiply+_smart.quadrupleIntegral,1,1685,2,2.922,ok,290624,logs/030_pair_math___smart.multiply__smart.quadrupleIntegral_r1.log
31,pair,math___smart.circle+_smart.operator.circled,1,1711,2,3.249,ok,291940,logs/031_pair_math___smart.circle__smart.operator.circled_r1.log
32,pair,math___smart.integral.top+_smart.minus,1,1693,2,2.905,ok,290624,logs/032_pair_math___smart.integral.top__smart.minus_r1.log
33,pair,math___smart.dblIntegral+_smart.minus,1,1692,2,2.989,ok,290624,logs/033_pair_math___smart.dblIntegral__smart.minus_r1.log
34,pair,math___smart.plus+_smart.tripleIntegral,1,1685,2,2.959,ok,290624,logs/034_pair_math___smart.plus__smart.tripleIntegral_r1.log
35,pair,math___smart.multiply.circled+_smart.quadrupleIntegral,1,1685,2,2.912,ok,290624,logs/035_pair_math___smart.multiply.circled__smart.quadrupleIntegral_r1.log
36,pair,math___smart.plus.001+_smart.tripleIntegral,1,1685,2,2.919,ok,290624,logs/036_pair_math___smart.plus.001__smart.tripleIntegral_r1.log
37,pair,math___smart.integral+_smart.multiply,1,1685,2,2.962,ok,290624,logs/037_pair_math___smart.integral__smart.multiply_r1.log
38,pair,math___smart.integral+_smart.integral.top,1,1686,2,2.949,ok,290624,logs/038_pair_math___smart.integral__smart.integral.top_r1.log
39,pair,math___smart.dblIntegral+_smart.multiply.circled,1,1685,2,2.909,ok,290624,logs/039_pair_math___smart.dblIntegral__smart.multiply.circled_r1.log
40,pair,math___smart.dblIntegral+_smart.tripleIntegral,1,1685,2,2.916,ok,290624,logs/040_pair_math___smart.dblIntegral__smart.tripleIntegral_r1.log
41,pair,math___smart.multiply+_smart.plus.circled.001,1,1685,2,2.918,ok,290624,logs/041_pair_math___smart.multiply__smart.plus.circled.001_r1.log
42,checkpoint,no_smart_02,1,1685,0,2.994,ok,290624,logs/042_checkpoint_no_smart_02_r1.log
43,pair,math___smart.operator.circled+_smart.tripleIntegral,1,1685,2,2.967,ok,290624,logs/043_pair_math___smart.operator.circled__smart.tripleIntegral_r1.log
44,pair,math___smart.integral.bottom+_smart.quadrupleIntegral,1,1686,2,2.918,ok,290624,logs/044_pair_math___smart.integral.bottom__smart.quadrupleIntegral_r1.log
45,pair,math___smart.quadrupleIntegral+_smart.tripleIntegral,1,1685,2,2.931,ok,290624,logs/045_pair_math___smart.quadrupleIntegral__smart.tripleIntegral_r1.log
46,pair,math___smart.operator.circled+_smart.plus.circled.001,1,1685,2,2.915,ok,290624,logs/046_pair_math___smart.operator.circled__smart.plus.circled.001_r1.log
47,pair,math___smart.circle+_smart.tripleIntegral,1,1689,2,2.914,ok,291940,logs/047_pair_math___smart.circle__smart.tripleIntegral_r1.log
48,pair,math___smart.integral.top+_smart.plus.001,1,1686,2,2.897,ok,290624,logs/048_pair_math___smart.integral.top__smart.plus.001_r1.log
49,pair,math___smart.dblIntegral+_smart.quadrupleIntegral,1,1685,2,2.924,ok,290624,logs/049_pair_math___smart.dblIntegral__smart.quadrupleIntegral_r1.log
50,pair,math___smart.plus.circled+_smart.tripleIntegral,1,1685,2,2.906,ok,290624,logs/050_pair_math___smart.plus.circled__smart.tripleIntegral_r1.log
51,pair,math___smart.dblIntegral+_smart.plus,1,1685,2,2.929,ok,290624,logs/051_pair_math___smart.dblIntegral__smart.plus_r1.log
52,pair,math___smart.plus.circled.001+_smart.quadrupleIntegral,1,1685,2,2.931,ok,290624,logs/052_pair_math___smart.plus.circled.001__smart.quadrupleIntegral_r1.log
53,pair,math___smart.plus.circled+_smart.quadrupleIntegral,1,1685,2,2.918,ok,290624,logs/053_pair_math___smart.plus.circled__smart.quadrupleIntegral_r1.log
54,pair,math___smart.multiply.circled+_smart.operator.circled,1,1685,2,2.943,ok,290624,logs/054_pair_math___smart.multiply.circled__smart.operator.circled_r1.log
55,pair,math___smart.integral+_smart.plus.circled,1,1685,2,2.927,ok,290624,logs/055_pair_math___smart.integral__smart.plus.circled_r1.log
56,pair,math___smart.dblIntegral+_smart.plus.001,1,1685,2,2.94,ok,290624,logs/056_pair_math___smart.dblIntegral__smart.plus.001_r1.log
57,pair,math___smart.minus+_smart.multiply.circled,1,1692,2,2.923,ok,290624,logs/057_pair_math___smart.minus__smart.multiply.circled_r1.log
58,pair,math___smart.minus+_smart.multiply,1,1714,2,7.194,ok,290624,logs/058_pair_math___smart.minus__smart.multiply_r1.log
59,pair,math___smart.integral.bottom+_smart.multiply.circled,1,1686,2,2.924,ok,290624,logs/059_pair_math___smart.integral.bottom__smart.multiply.circled_r1.log
60,pair,math___smart.operator.circled+_smart.plus.circled,1,1685,2,2.906,ok,290624,logs/060_pair_math___smart.operator.circled__smart.plus.circled_r1.log
61,pair,math___smart.plus.001+_smart.quadrupleIntegral,1,1685,2,2.919,ok,290624,logs/061_pair_math___smart.plus.001__smart.quadrupleIntegral_r1.log
62,pair,math___smart.contourIntegral+_smart.dblIntegral,1,1685,2,2.919,ok,290624,logs/062_pair_math___smart.contourIntegral__smart.dblIntegral_r1.log
63,pair,math___smart.integral+_smart.multiply.circled,1,1685,2,2.933,ok,290624,logs/063_pair_math___smart.integral__smart.multiply.circled_r1.log
64,pair,math___smart.circle+_smart.plus,1,1689,2,2.918,ok,291940,logs/064_pair_math___smart.circle__smart.plus_r1.log
65,pair,math___smart.contourIntegral+_smart.plus.circled.001,1,1685,2,2.916,ok,290624,logs/065_pair_math___smart.contourIntegral__smart.plus.circled.001_r1.log
66,pair,math___smart.multiply.circled+_smart.tripleIntegral,1,1685,2,2.928,ok,290624,logs/066_pair_math___smart.multiply.circled__smart.tripleIntegral_r1.log
67,pair,math___smart.contourIntegral+_smart.plus.circled,1,1685,2,2.925,ok,290624,logs/067_pair_math___smart.contourIntegral__smart.plus.circled_r1.log
68,pair,math___smart.integral.bottom+_smart.plus.circled,1,1686,2,2.909,ok,290624,logs/068_pair_math___smart.integral.bottom__smart.plus.circled_r1.log
69,pair,math___smart.multiply.circled+_smart.plus,1,1685,2,2.935,ok,290624,logs/069_pair_math___smart.multiply.circled__smart.plus_r1.log
70,pair,math___smart.multiply+_smart.tripleIntegral,1,1685,2,3.023,ok,290624,logs/070_pair_math___smart.multiply__smart.tripleIntegral_r1.log
71,pair,math___smart.integral.bottom+_smart.plus.circled.001,1,1686,2,2.959,ok,290624,logs/071_pair_math___smart.integral.bottom__smart.plus.circled.001_r1.log
72,pair,math___smart.circle+_smart.multiply,1,1689,2,2.966,ok,291940,logs/072_pair_math___smart.circle__smart.multiply_r1.log
73,pair,math___smart.plus.001+_smart.plus.circled.001,1,1685,2,2.946,ok,290624,logs/073_pair_math___smart.plus.001__smart.plus.circled.001_r1.log
74,pair,math___smart.dblIntegral+_smart.integral,1,1685,2,2.936,ok,290624,logs/074_pair_math___smart.dblIntegral__smart.integral_r1.log
75,pair,math___smart.integral+_smart.plus.001,1,1685,2,2.946,ok,290624,logs/075_pair_math___smart.integral__smart.plus.001_r1.log
76,pair,math___smart.multiply.circled+_smart.plus.001,1,1685,2,2.97,ok,290624,logs/076_pair_math___smart.multiply.circled__smart.plus.001_r1.log
77,pair,math___smart.circle+_smart.plus.circled.001,1,1689,2,2.854,ok,291940,logs/077_pair_math___smart.circle__smart.plus.circled.001_r1.log
78,pair,math___smart.integral+_smart.minus,1,1692,2,2.93,ok,290624,logs/078_pair_math___smart.integral__smart.minus_r1.log
79,pair,math___smart.contourIntegral+_smart.integral,1,1685,2,2.933,ok,290624,logs/079_pair_math___smart.contourIntegral__smart.integral_r1.log
80,pair,math___smart.multiply.circled+_smart.plus.circled.001,1,1685,2,2.932,ok,290624,logs/080_pair_math___smart.multiply.circled__smart.plus.circled.001_r1.log
81,pair,math___smart.integral.top+_smart.tripleIntegral,1,1686,2,2.986,ok,290624,logs/081_pair_math___smart.integral.top__smart.tripleIntegral_r1.log
82,pair,math___smart.minus+_smart.tripleIntegral,1,1692,2,2.949,ok,290624,logs/082_pair_math___smart.minus__smart.tripleIntegral_r1.log
83,checkpoint,no_smart_03,1,1685,0,2.993,ok,290624,logs/083_checkpoint_no_smart_03_r1.log
84,pair,math___smart.operator.circled+_smart.quadrupleIntegral,1,1685,2,2.918,ok,290624,logs/084_pair_math___smart.operator.circled__smart.quadrupleIntegral_r1.log
85,pair,math___smart.integral+_smart.integral.bottom,1,1686,2,3.014,ok,290624,logs/085_pair_math___smart.integral__smart.integral.bottom_r1.log
86,pair,math___smart.circle+_smart.dblIntegral,1,1689,2,2.934,ok,291940,logs/086_pair_math___smart.circle__smart.dblIntegral_r1.log
87,pair,math___smart.contourIntegral+_smart.multiply.circled,1,1685,2,2.953,ok,290624,logs/087_pair_math___smart.contourIntegral__smart.multiply.circled_r1.log
88,pair,math___smart.dblIntegral+_smart.operator.circled,1,1685,2,2.916,ok,290624,logs/088_pair_math___smart.dblIntegral__smart.operator.circled_r1.log
89,pair,math___smart.integral.bottom+_smart.minus,1,1693,2,2.94,ok,290624,logs/089_pair_math___smart.integral.bottom__smart.minus_r1.log
90,pair,math___smart.minus+_smart.plus.circled.001,1,1692,2,2.993,ok,290624,logs/090_pair_math___smart.minus__smart.plus.circled.001_r1.log
91,pair,math___smart.dblIntegral+_smart.plus.circled,1,1685,2,2.926,ok,290624,logs/091_pair_math___smart.dblIntegral__smart.plus.circled_r1.log
92,pair,math___smart.multiply.circled+_smart.plus.circled,1,1685,2,2.952,ok,290624,logs/092_pair_math___smart.multiply.circled__smart.plus.circled_r1.log
93,pair,math___smart.integral+_smart.tripleIntegral,1,1685,2,2.922,ok,290624,logs/093_pair_math___smart.integral__smart.tripleIntegral_r1.log
94,pair,math___smart.integral.top+_smart.plus,1,1686,2,3.034,ok,290624,logs/094_pair_math___smart.integral.top__smart.plus_r1.log
95,pair,math___smart.minus+_smart.quadrupleIntegral,1,1692,2,2.955,ok,290624,logs/095_pair_math___smart.minus__smart.quadrupleIntegral_r1.log
96,pair,math___smart.integral.top+_smart.operator.circled,1,1686,2,2.902,ok,290624,logs/096_pair_math___smart.integral.top__smart.operator.circled_r1.log
97,pair,math___smart.integral.bottom+_smart.integral.top,1,1687,2,2.92,ok,290624,logs/097_pair_math___smart.integral.bottom__smart.integral.top_r1.log
98,pair,math___smart.multiply+_smart.plus.circled,1,1685,2,2.896,ok,290624,logs/098_pair_math___smart.multiply__smart.plus.circled_r1.log
99,pair,math___smart.contourIntegral+_smart.plus.001,1,1685,2,2.928,ok,290624,logs/099_pair_math___smart.contourIntegral__smart.plus.001_r1.log
100,pair,math___smart.integral.bottom+_smart.plus,1,1686,2,2.953,ok,290624,logs/100_pair_math___smart.integral.bottom__smart.plus_r1.log
101,pair,math___smart.plus+_smart.quadrupleIntegral,1,1685,2,2.959,ok,290624,logs/101_pair_math___smart.plus__smart.quadrupleIntegral_r1.log
102,pair,math___smart.integral.top+_smart.quadrupleIntegral,1,1686,2,2.931,ok,290624,logs/102_pair_math___smart.integral.top__smart.quadrupleIntegral_r1.log
103,pair,math___smart.circle+_smart.multiply.circled,1,1689,2,2.949,ok,291940,logs/103_pair_math___smart.circle__smart.multiply.circled_r1.log
104,pair,math___smart.contourIntegral+_smart.tripleIntegral,1,1685,2,2.919,ok,290624,logs/104_pair_math___smart.contourIntegral__smart.tripleIntegral_r1.log
105,pair,math___smart.plus.001+_smart.plus.circled,1,1685,2,2.91,ok,290624,logs/105_pair_math___smart.plus.001__smart.plus.circled_r1.log
106,pair,math___smart.circle+_smart.integral.top,1,1690,2,3.015,ok,291940,logs/106_pair_math___smart.circle__smart.integral.top_r1.log
107,pair,math___smart.contourIntegral+_smart.operator.circled,1,1685,2,2.958,ok,290624,logs/107_pair_math___smart.contourIntegral__smart.operator.circled_r1.log
108,pair,math___smart.dblIntegral+_smart.integral.top,1,1686,2,2.929,ok,290624,logs/108_pair_math___smart.dblIntegral__smart.integral.top_r1.log
109,pair,math___smart.contourIntegral+_smart.plus,1,1685,2,2.933,ok,290624,logs/109_pair_math___smart.contourIntegral__smart.plus_r1.log
110,pair,math___smart.dblIntegral+_smart.multiply,1,1685,2,2.931,ok,290624,logs/110_pair_math___smart.dblIntegral__smart.multiply_r1.log
111,pair,math___smart.minus+_smart.plus.circled,1,1692,2,2.935,ok,290624,logs/111_pair_math___smart.minus__smart.plus.circled_r1.log
112,pair,math___smart.integral.top+_smart.multiply,1,1686,2,2.92,ok,290624,logs/112_pair_math___smart.integral.top__smart.multiply_r1.log
113,pair,math___smart.integral+_smart.plus.circled.001,1,1685,2,2.912,ok,290624,logs/113_pair_math___smart.integral__smart.plus.circled.001_r1.log
114,pair,math___smart.circle+_smart.minus,1,1696,2,2.963,ok,291940,logs/114_pair_math___smart.circle__smart.minus_r1.log
115,pair,math___smart.integral+_smart.plus,1,1685,2,2.948,ok,290624,logs/115_pair_math___smart.integral__smart.plus_r1.log
116,pair,math___smart.multiply+_smart.operator.circled,1,1685,2,2.959,ok,290624,logs/116_pair_math___smart.multiply__smart.operator.circled_r1.log
117,pair,math___smart.integral.bottom+_smart.tripleIntegral,1,1686,2,2.974,ok,290624,logs/117_pair_math___smart.integral.bottom__smart.tripleIntegral_r1.log
118,pair,math___smart.circle+_smart.contourIntegral,1,1689,2,2.986,ok,291940,logs/118_pair_math___smart.circle__smart.contourIntegral_r1.log
119,pair,math___smart.integral+_smart.quadrupleIntegral,1,1685,2,2.918,ok,290624,logs/119_pair_math___smart.integral__smart.quadrupleIntegral_r1.log
120,pair,math___smart.dblIntegral+_smart.integral.bottom,1,1686,2,2.918,ok,290624,logs/120_pair_math___smart.dblIntegral__smart.integral.bottom_r1.log
121,pair,math___smart.minus+_smart.plus.001,1,1693,2,2.929,ok,290624,logs/121_pair_math___smart.minus__smart.plus.001_r1.log
122,pair,math___smart.integral.top+_smart.plus.circled.001,1,1686,2,2.905,ok,290624,logs/122_pair_math___smart.integral.top__smart.plus.circled.001_r1.log
123,pair,math___smart.contourIntegral+_smart.minus,1,1692,2,2.924,ok,290624,logs/123_pair_math___smart.contourIntegral__smart.minus_r1.log
124,checkpoint,no_smart_04,1,1685,0,2.933,ok,290624,logs/124_checkpoint_no_smart_04_r1.log
125,pair,math___smart.operator.circled+_smart.plus,1,1685,2,2.97,ok,290624,logs/125_pair_math___smart.operator.circled__smart.plus_r1.log
126,pair,math___smart.integral.top+_smart.multiply.circled,1,1686,2,2.965,ok,290624,logs/126_pair_math___smart.integral.top__smart.multiply.circled_r1.log
127,forward,math___smart.circle,1,1689,1,2.968,ok,291940,logs/127_forward_math___smart.circle_r1.log
128,forward,math___smart.contourIntegral,1,1685,1,3.007,ok,290624,logs/128_forward_math___smart.contourIntegral_r1.log
129,forward,math___smart.dblIntegral,1,1685,1,2.893,ok,290624,logs/129_forward_math___smart.dblIntegral_r1.log
130,forward,math___smart.integral,1,1685,1,2.927,ok,290624,logs/130_forward_math___smart.integral_r1.log
131,forward,math___smart.integral.bottom,1,1686,1,2.918,ok,290624,logs/131_forward_math___smart.integral.bottom_r1.log
132,forward,math___smart.integral.top,1,1686,1,2.984,ok,290624,logs/132_forward_math___smart.integral.top_r1.log
133,forward,math___smart.minus,1,1692,1,2.984,ok,290624,logs/133_forward_math___smart.minus_r1.log
134,forward,math___smart.multiply,1,1685,1,2.907,ok,290624,logs/134_forward_math___smart.multiply_r1.log
135,forward,math___smart.multiply.circled,1,1685,1,2.97,ok,290624,logs/135_forward_math___smart.multiply.circled_r1.log
136,forward,math___smart.operator.circled,1,1685,1,2.899,ok,290624,logs/136_forward_math___smart.operator.circled_r1.log
137,forward,math___smart.plus,1,1685,1,2.93,ok,290624,logs/137_forward_math___smart.plus_r1.log
138,forward,math___smart.plus.001,1,1685,1,2.93,ok,290624,logs/138_forward_math___smart.plus.001_r1.log
139,forward,math___smart.plus.circled,1,1685,1,2.935,ok,290624,logs/139_forward_math___smart.plus.circled_r1.log
140,forward,math___smart.plus.circled.001,1,1685,1,2.926,ok,290624,logs/140_forward_math___smart.plus.circled.001_r1.log
141,forward,math___smart.quadrupleIntegral,1,1685,1,3.005,ok,290624,logs/141_forward_math___smart.quadrupleIntegral_r1.log
142,forward,math___smart.tripleIntegral,1,1685,1,2.932,ok,290624,logs/142_forward_math___smart.tripleIntegral_r1.log
143,forward,math___smart.circle+_smart.contourIntegral+_smart.dblIntegral,1,1689,3,2.939,ok,291940,logs/143_forward_math___smart.circle__smart.contourIntegral__smart.dblIntegral_r1.log
144,forward,math___smart.circle+_smart.contourIntegral+_smart.integral,1,1689,3,2.928,ok,291940,logs/144_forward_math___smart.circle__smart.contourIntegral__smart.integral_r1.log
145,forward,math___smart.circle+_smart.contourIntegral+_smart.integral.bottom,1,1690,3,2.927,ok,291940,logs/145_forward_math___smart.circle__smart.contourIntegral__smart.integral.bottom_r1.log
146,forward,math___smart.circle+_smart.contourIntegral+_smart.integral.top,1,1690,3,2.903,ok,291940,logs/146_forward_math___smart.circle__smart.contourIntegral__smart.integral.top_r1.log
147,forward,math___smart.circle+_smart.contourIntegral+_smart.minus,1,1696,3,2.914,ok,291940,logs/147_forward_math___smart.circle__smart.contourIntegral__smart.minus_r1.log
148,forward,math___smart.circle+_smart.contourIntegral+_smart.multiply,1,1689,3,2.898,ok,291940,logs/148_forward_math___smart.circle__smart.contourIntegral__smart.multiply_r1.log
149,forward,math___smart.circle+_smart.contourIntegral+_smart.multiply.circled,1,1689,3,2.924,ok,291940,logs/149_forward_math___smart.circle__smart.contourIntegral__smart.multiply.circled_r1.log
150,forward,math___smart.circle+_smart.contourIntegral+_smart.operator.circled,1,1711,3,3.263,ok,291940,logs/150_forward_math___smart.circle__smart.contourIntegral__smart.operator.circled_r1.log
151,forward,math___smart.circle+_smart.contourIntegral+_smart.plus,1,1689,3,2.937,ok,291940,logs/151_forward_math___smart.circle__smart.contourIntegral__smart.plus_r1.log
152,forward,math___smart.circle+_smart.contourIntegral+_smart.plus.001,1,1689,3,2.912,ok,291940,logs/152_forward_math___smart.circle__smart.contourIntegral__smart.plus.001_r1.log
153,forward,math___smart.circle+_smart.contourIntegral+_smart.plus.circled,1,1689,3,3.036,ok,291940,logs/153_forward_math___smart.circle__smart.contourIntegral__smart.plus.circled_r1.log
154,forward,math___smart.circle+_smart.contourIntegral+_smart.plus.circled.001,1,1689,3,2.94,ok,291940,logs/154_forward_math___smart.circle__smart.contourIntegral__smart.plus.circled.001_r1.log
155,forward,math___smart.circle+_smart.contourIntegral+_smart.quadrupleIntegral,1,1689,3,2.916,ok,291940,logs/155_forward_math___smart.circle__smart.contourIntegral__smart.quadrupleIntegral_r1.log
156,forward,math___smart.circle+_smart.contourIntegral+_smart.tripleIntegral,1,1689,3,2.988,ok,291940,logs/156_forward_math___smart.circle__smart.contourIntegral__smart.tripleIntegral_r1.log
157,forward,math___smart.circle+_smart.contourIntegral+_smart.dblIntegral+_smart.operator.circled,1,1711,4,3.696,ok,291940,logs/157_forward_math___smart.circle__smart.contourIntegral__smart.dblIntegral__smart.operator.circled_r1.log
158,forward,math___smart.circle+_smart.contourIntegral+_smart.integral+_smart.operator.circled,1,1711,4,3.272,ok,291940,logs/158_forward_math___smart.circle__smart.contourIntegral__smart.integral__smart.operator.circled_r1.log
159,forward,math___smart.circle+_smart.contourIntegral+_smart.integral.bottom+_smart.operator.circled,1,1712,4,3.413,ok,291940,logs/159_forward_math___smart.circle__smart.contourIntegral__smart.integral.bottom__smart.operator.circled_r1.log
160,forward,math___smart.circle+_smart.contourIntegral+_smart.integral.top+_smart.operator.circled,1,1712,4,3.252,ok,291940,logs/160_forward_math___smart.circle__smart.contourIntegral__smart.integral.top__smart.operator.circled_r1.log
161,forward,math___smart.circle+_smart.contourIntegral+_smart.minus+_smart.operator.circled,1,1718,4,5.7,ok,291940,logs/161_forward_math___smart.circle__smart.contourIntegral__smart.minus__smart.operator.circled_r1.log
162,forward,math___smart.circle+_smart.contourIntegral+_smart.multiply+_smart.operator.circled,1,1711,4,3.211,ok,291940,logs/162_forward_math___smart.circle__smart.contourIntegral__smart.multiply__smart.operator.circled_r1.log
163,forward,math___smart.circle+_smart.contourIntegral+_smart.multiply.circled+_smart.operator.circled,1,1711,4,3.188,ok,291940,logs/163_forward_math___smart.circle__smart.contourIntegral__smart.multiply.circled__smart.operator.circled_r1.log
164,forward,math___smart.circle+_smart.contourIntegral+_smart.operator.circled+_smart.plus,1,1711,4,3.211,ok,291940,logs/164_forward_math___smart.circle__smart.contourIntegral__smart.operator.circled__smart.plus_r1.log
165,checkpoint,no_smart_05,1,1685,0,2.879,ok,290624,logs/165_checkpoint_no_smart_05_r1.log
166,forward,math___smart.circle+_smart.contourIntegral+_smart.operator.circled+_smart.plus.001,1,1711,4,3.23,ok,291940,logs/166_forward_math___smart.circle__smart.contourIntegral__smart.operator.circled__smart.plus.001_r1.log
167,forward,math___smart.circle+_smart.contourIntegral+_smart.operator.circled+_smart.plus.circled,1,1711,4,3.212,ok,291940,logs/167_forward_math___smart.circle__smart.contourIntegral__smart.operator.circled__smart.plus.circled_r1.log
168,forward,math___smart.circle+_smart.contourIntegral+_smart.operator.circled+_smart.plus.circled.001,1,1711,4,3.238,ok,291940,logs/168_forward_math___smart.circle__smart.contourIntegral__smart.operator.circled__smart.plus.circled.001_r1.log
169,forward,math___smart.circle+_smart.contourIntegral+_smart.operator.circled+_smart.quadrupleIntegral,1,1711,4,3.235,ok,291940,logs/169_forward_math___smart.circle__smart.contourIntegral__smart.operator.circled__smart.quadrupleIntegral_r1.log
170,forward,math___smart.circle+_smart.contourIntegral+_smart.operator.circled+_smart.tripleIntegral,1,1711,4,3.62,ok,291940,logs/170_forward_math___smart.circle__smart.contourIntegral__smart.operator.circled__smart.tripleIntegral_r1.log
171,forward,math___smart.circle+_smart.contourIntegral+_smart.dblIntegral+_smart.minus+_smart.operator.circled,1,1718,5,3.167,ok,291940,logs/171_forward_math___smart.circle__smart.contourIntegral__smart.dblIntegral__smart.minus__smart.operator.circled_r1.log
172,forward,math___smart.circle+_smart.contourIntegral+_smart.integral+_smart.minus+_smart.operator.circled,1,1718,5,3.504,ok,291940,logs/172_forward_math___smart.circle__smart.contourIntegral__smart.integral__smart.minus__smart.operator.circled_r1.log
173,forward,math___smart.circle+_smart.contourIntegral+_smart.integral.bottom+_smart.minus+_smart.operator.circled,1,1719,5,3.501,ok,291940,logs/173_forward_math___smart.circle__smart.contourIntegral__smart.integral.bottom__smart.minus__smart.operator.circl_r1.log
174,forward,math___smart.circle+_smart.contourIntegral+_smart.integral.top+_smart.minus+_smart.operator.circled,1,1719,5,3.244,ok,291940,logs/174_forward_math___smart.circle__smart.contourIntegral__smart.integral.top__smart.minus__smart.operator.circled_r1.log
175,forward,math___smart.circle+_smart.contourIntegral+_smart.minus+_smart.multiply+_smart.operator.circled,1,1741,5,7.512,ok,291940,logs/175_forward_math___smart.circle__smart.contourIntegral__smart.minus__smart.multiply__smart.operator.circled_r1.log
176,forward,math___smart.circle+_smart.contourIntegral+_smart.minus+_smart.multiply.circled+_smart.operator.circled,1,1718,5,3.227,ok,291940,logs/176_forward_math___smart.circle__smart.contourIntegral__smart.minus__smart.multiply.circled__smart.operator.circ_r1.log
177,forward,math___smart.circle+_smart.contourIntegral+_smart.minus+_smart.operator.circled+_smart.plus,1,1719,5,3.271,ok,291940,logs/177_forward_math___smart.circle__smart.contourIntegral__smart.minus__smart.operator.circled__smart.plus_r1.log
178,forward,math___smart.circle+_smart.contourIntegral+_smart.minus+_smart.operator.circled+_smart.plus.001,1,1719,5,3.249,ok,291940,logs/178_forward_math___smart.circle__smart.contourIntegral__smart.minus__smart.operator.circled__smart.plus.001_r1.log
179,forward,math___smart.circle+_smart.contourIntegral+_smart.minus+_smart.operator.circled+_smart.plus.circled,1,1718,5,3.237,ok,291940,logs/179_forward_math___smart.circle__smart.contourIntegral__smart.minus__smart.operator.circled__smart.plus.circled_r1.log
180,forward,math___smart.circle+_smart.contourIntegral+_smart.minus+_smart.operator.circled+_smart.plus.circled.001,1,1718,5,3.223,ok,291940,logs/180_forward_math___smart.circle__smart.contourIntegral__smart.minus__smart.operator.circled__smart.plus.circled._r1.log
181,forward,math___smart.circle+_smart.contourIntegral+_smart.minus+_smart.operator.circled+_smart.quadrupleIntegral,1,1718,5,3.184,ok,291940,logs/181_forward_math___smart.circle__smart.contourIntegral__smart.minus__smart.operator.circled__smart.quadrupleInte_r1.log
182,forward,math___smart.circle+_smart.contourIntegral+_smart.minus+_smart.operator.circled+_smart.tripleIntegral,1,1718,5,3.199,ok,291940,logs/182_forward_math___smart.circle__smart.contourIntegral__smart.minus__smart.operator.circled__smart.tripleIntegra_r1.log
183,forward,math___smart.circle+_smart.contourIntegral+_smart.dblIntegral+_smart.minus+_smart.multiply+_smart.operator.circled,1,1741,6,7.514,ok,291940,logs/183_forward_math___smart.circle__smart.contourIntegral__smart.dblIntegral__smart.minus__smart.multiply__smart.op_r1.log
184,forward,math___smart.circle+_smart.contourIntegral+_smart.integral+_smart.minus+_smart.multiply+_smart.operator.circled,1,1741,6,7.494,ok,291940,logs/184_forward_math___smart.circle__smart.contourIntegral__smart.integral__smart.minus__smart.multiply__smart.opera_r1.log
185,forward,math___smart.circle+_smart.contourIntegral+_smart.integral.bottom+_smart.minus+_smart.multiply+_smart.operator.circled,1,1742,6,7.535,ok,291940,logs/185_forward_math___smart.circle__smart.contourIntegral__smart.integral.bottom__smart.minus__smart.multiply__smar_r1.log
186,forward,math___smart.circle+_smart.contourIntegral+_smart.integral.top+_smart.minus+_smart.multiply+_smart.operator.circled,1,1742,6,7.522,ok,291940,logs/186_forward_math___smart.circle__smart.contourIntegral__smart.integral.top__smart.minus__smart.multiply__smart.o_r1.log
187,forward,math___smart.circle+_smart.contourIntegral+_smart.minus+_smart.multiply+_smart.multiply.circled+_smart.operator.circled,1,1764,6,9.316,ok,291940,logs/187_forward_math___smart.circle__smart.contourIntegral__smart.minus__smart.multiply__smart.multiply.circled__sma_r1.log
188,forward,math___smart.circle+_smart.contourIntegral+_smart.minus+_smart.multiply+_smart.operator.circled+_smart.plus,1,1742,6,7.652,ok,291940,logs/188_forward_math___smart.circle__smart.contourIntegral__smart.minus__smart.multiply__smart.operator.circled__sma_r1.log
189,forward,math___smart.circle+_smart.contourIntegral+_smart.minus+_smart.multiply+_smart.operator.circled+_smart.plus.001,1,1742,6,7.588,ok,291940,logs/189_forward_math___smart.circle__smart.contourIntegral__smart.minus__smart.multiply__smart.operator.circled__sma_r1.log
190,forward,math___smart.circle+_smart.contourIntegral+_smart.minus+_smart.multiply+_smart.operator.circled+_smart.plus.circled,1,1741,6,7.518,ok,291940,logs/190_forward_math___smart.circle__smart.contourIntegral__smart.minus__smart.multiply__smart.operator.circled__sma_r1.log
191,forward,math___smart.circle+_smart.contourIntegral+_smart.minus+_smart.multiply+_smart.operator.circled+_smart.plus.circled.001,1,1741,6,7.57,ok,291940,logs/191_forward_math___smart.circle__smart.contourIntegral__smart.minus__smart.multiply__smart.operator.circled__sma_r1.log
192,forward,math___smart.circle+_smart.contourIntegral+_smart.minus+_smart.multiply+_smart.operator.circled+_smart.quadrupleIntegral,1,1741,6,7.523,ok,291940,logs/192_forward_math___smart.circle__smart.contourIntegral__smart.minus__smart.multiply__smart.operator.circled__sma_r1.log
193,forward,math___smart.circle+_smart.contourIntegral+_smart.minus+_smart.multiply+_smart.operator.circled+_smart.tripleIntegral,1,1741,6,7.589,ok,291940,logs/193_forward_math___smart.circle__smart.contourIntegral__smart.minus__smart.multiply__smart.operator.circled__sma_r1.log
194,forward,math___smart.circle+_smart.contourIntegral+_smart.dblIntegral+_smart.minus+_smart.multiply+_smart.multiply.circled+_smart.operator.circled,1,1764,7,9.458,ok,291940,logs/194_forward_math___smart.circle__smart.contourIntegral__smart.dblIntegral__smart.minus__smart.multiply__smart.mu_r1.log
195,forward,math___smart.circle+_smart.contourIntegral+_smart.integral+_smart.minus+_smart.multiply+_smart.multiply.circled+_smart.operator.circled,1,1764,7,9.315,ok,291940,logs/195_forward_math___smart.circle__smart.contourIntegral__smart.integral__smart.minus__smart.multiply__smart.multi_r1.log
196,forward,math___smart.circle+_smart.contourIntegral+_smart.integral.bottom+_smart.minus+_smart.multiply+_smart.multiply.circled+_smart.operator.circled,1,1765,7,9.365,ok,291940,logs/196_forward_math___smart.circle__smart.contourIntegral__smart.integral.bottom__smart.minus__smart.multiply__smar_r1.log
197,forward,math___smart.circle+_smart.contourIntegral+_smart.integral.top+_smart.minus+_smart.multiply+_smart.multiply.circled+_smart.operator.circled,1,1765,7,9.275,ok,291940,logs/197_forward_math___smart.circle__smart.contourIntegral__smart.integral.top__smart.minus__smart.multiply__smart.m_r1.log
198,forward,math___smart.circle+_smart.contourIntegral+_smart.minus+_smart.multiply+_smart.multiply.circled+_smart.operator.circled+_smart.plus,1,1765,7,9.4,ok,291940,logs/198_forward_math___smart.circle__smart.contourIntegral__smart.minus__smart.multiply__smart.multiply.circled__sma_r1.log
199,forward,math___smart.circle+_smart.contourIntegral+_smart.minus+_smart.multiply+_smart.multiply.circled+_smart.operator.circled+_smart.plus.001,1,1765,7,9.372,ok,291940,logs/199_forward_math___smart.circle__smart.contourIntegral__smart.minus__smart.multiply__smart.multiply.circled__sma_r1.log
200,forward,math___smart.circle+_smart.contourIntegral+_smart.minus+_smart.multiply+_smart.multiply.circled+_smart.operator.circled+_smart.plus.circled,1,1764,7,9.281,ok,291940,logs/200_forward_math___smart.circle__smart.contourIntegral__smart.minus__smart.multiply__smart.multiply.circled__sma_r1.log
201,forward,math___smart.circle+_smart.contourIntegral+_smart.minus+_smart.multiply+_smart.multiply.circled+_smart.operator.circled+_smart.plus.circled.001,1,1764,7,9.323,ok,291940,logs/201_forward_math___smart.circle__smart.contourIntegral__smart.minus__smart.multiply__smart.multiply.circled__sma_r1.log
202,forward,math___smart.circle+_smart.contourIntegral+_smart.minus+_smart.multiply+_smart.multiply.circled+_smart.operator.circled+_smart.quadrupleIntegral,1,1764,7,9.357,ok,291940,logs/202_forward_math___smart.circle__smart.contourIntegral__smart.minus__smart.multiply__smart.multiply.circled__sma_r1.log
203,forward,math___smart.circle+_smart.contourIntegral+_smart.minus+_smart.multiply+_smart.multiply.circled+_smart.operator.circled+_smart.tripleIntegral,1,1764,7,9.336,ok,291940,logs/203_forward_math___smart.circle__smart.contourIntegral__smart.minus__smart.multiply__smart.multiply.circled__sma_r1.log
204,forward,math___smart.circle+_smart.contourIntegral+_smart.dblIntegral+_smart.integral+_smart.minus+_smart.multiply+_smart.multiply.circled+_smart.operator.circled,1,1764,8,9.373,ok,291940,logs/204_forward_math___smart.circle__smart.contourIntegral__smart.dblIntegral__smart.integral__smart.minus__smart.mu_r1.log
205,forward,math___smart.circle+_smart.contourIntegral+_smart.dblIntegral+_smart.integral.bottom+_smart.minus+_smart.multiply+_smart.multiply.circled+_smart.operator.circled,1,1765,8,9.311,ok,291940,logs/205_forward_math___smart.circle__smart.contourIntegral__smart.dblIntegral__smart.integral.bottom__smart.minus__s_r1.log
206,checkpoint,no_smart_06,1,1685,0,2.867,ok,290624,logs/206_checkpoint_no_smart_06_r1.log
207,forward,math___smart.circle+_smart.contourIntegral+_smart.dblIntegral+_smart.integral.top+_smart.minus+_smart.multiply+_smart.multiply.circled+_smart.operator.circled,1,1765,8,9.332,ok,291940,logs/207_forward_math___smart.circle__smart.contourIntegral__smart.dblIntegral__smart.integral.top__smart.minus__smar_r1.log
208,forward,math___smart.circle+_smart.contourIntegral+_smart.dblIntegral+_smart.minus+_smart.multiply+_smart.multiply.circled+_smart.operator.circled+_smart.plus,1,1765,8,9.47,ok,291940,logs/208_forward_math___smart.circle__smart.contourIntegral__smart.dblIntegral__smart.minus__smart.multiply__smart.mu_r1.log
209,forward,math___smart.circle+_smart.contourIntegral+_smart.dblIntegral+_smart.minus+_smart.multiply+_smart.multiply.circled+_smart.operator.circled+_smart.plus.001,1,1765,8,9.43,ok,291940,logs/209_forward_math___smart.circle__smart.contourIntegral__smart.dblIntegral__smart.minus__smart.multiply__smart.mu_r1.log
210,forward,math___smart.circle+_smart.contourIntegral+_smart.dblIntegral+_smart.minus+_smart.multiply+_smart.multiply.circled+_smart.operator.circled+_smart.plus.circled,1,1764,8,9.334,ok,291940,logs/210_forward_math___smart.circle__smart.contourIntegral__smart.dblIntegral__smart.minus__smart.multiply__smart.mu_r1.log
211,forward,math___smart.circle+_smart.contourIntegral+_smart.dblIntegral+_smart.minus+_smart.multiply+_smart.multiply.circled+_smart.operator.circled+_smart.plus.circled.001,1,1764,8,9.404,ok,291940,logs/211_forward_math___smart.circle__smart.contourIntegral__smart.dblIntegral__smart.minus__smart.multiply__smart.mu_r1.log
212,forward,math___smart.circle+_smart.contourIntegral+_smart.dblIntegral+_smart.minus+_smart.multiply+_smart.multiply.circled+_smart.operator.circled+_smart.quadrupleIntegral,1,1764,8,9.356,ok,291940,logs/212_forward_math___smart.circle__smart.contourIntegral__smart.dblIntegral__smart.minus__smart.multiply__smart.mu_r1.log
213,forward,math___smart.circle+_smart.contourIntegral+_smart.dblIntegral+_smart.minus+_smart.multiply+_smart.multiply.circled+_smart.operator.circled+_smart.tripleIntegral,1,1764,8,9.287,ok,291940,logs/213_forward_math___smart.circle__smart.contourIntegral__smart.dblIntegral__smart.minus__smart.multiply__smart.mu_r1.log
214,forward,math___smart.circle+_smart.contourIntegral+_smart.dblIntegral+_smart.integral+_smart.minus+_smart.multiply+_smart.multiply.circled+_smart.operator.circled+_smart.plus,1,1765,9,9.338,ok,291940,logs/214_forward_math___smart.circle__smart.contourIntegral__smart.dblIntegral__smart.integral__smart.minus__smart.mu_r1.log
215,forward,math___smart.circle+_smart.contourIntegral+_smart.dblIntegral+_smart.integral.bottom+_smart.minus+_smart.multiply+_smart.multiply.circled+_smart.operator.circled+_smart.plus,1,1766,9,10.544,ok,291940,logs/215_forward_math___smart.circle__smart.contourIntegral__smart.dblIntegral__smart.integral.bottom__smart.minus__s_r1.log
216,forward,math___smart.circle+_smart.contourIntegral+_smart.dblIntegral+_smart.integral.top+_smart.minus+_smart.multiply+_smart.multiply.circled+_smart.operator.circled+_smart.plus,1,1766,9,9.894,ok,291940,logs/216_forward_math___smart.circle__smart.contourIntegral__smart.dblIntegral__smart.integral.top__smart.minus__smar_r1.log
217,forward,math___smart.circle+_smart.contourIntegral+_smart.dblIntegral+_smart.minus+_smart.multiply+_smart.multiply.circled+_smart.operator.circled+_smart.plus+_smart.plus.001,1,1766,9,9.772,ok,291940,logs/217_forward_math___smart.circle__smart.contourIntegral__smart.dblIntegral__smart.minus__smart.multiply__smart.mu_r1.log
218,forward,math___smart.circle+_smart.contourIntegral+_smart.dblIntegral+_smart.minus+_smart.multiply+_smart.multiply.circled+_smart.operator.circled+_smart.plus+_smart.plus.circled,1,1788,9,14.33,ok,291940,logs/218_forward_math___smart.circle__smart.contourIntegral__smart.dblIntegral__smart.minus__smart.multiply__smart.mu_r1.log
219,forward,math___smart.circle+_smart.contourIntegral+_smart.dblIntegral+_smart.minus+_smart.multiply+_smart.multiply.circled+_smart.operator.circled+_smart.plus+_smart.plus.circled.001,1,1766,9,10.828,ok,291940,logs/219_forward_math___smart.circle__smart.contourIntegral__smart.dblIntegral__smart.minus__smart.multiply__smart.mu_r1.log
220,forward,math___smart.circle+_smart.contourIntegral+_smart.dblIntegral+_smart.minus+_smart.multiply+_smart.multiply.circled+_smart.operator.circled+_smart.plus+_smart.quadrupleIntegral,1,1765,9,9.918,ok,291940,logs/220_forward_math___smart.circle__smart.contourIntegral__smart.dblIntegral__smart.minus__smart.multiply__smart.mu_r1.log
221,forward,math___smart.circle+_smart.contourIntegral+_smart.dblIntegral+_smart.minus+_smart.multiply+_smart.multiply.circled+_smart.operator.circled+_smart.plus+_smart.tripleIntegral,1,1765,9,9.902,ok,291940,logs/221_forward_math___smart.circle__smart.contourIntegral__smart.dblIntegral__smart.minus__smart.multiply__smart.mu_r1.log
222,forward,math___smart.circle+_smart.contourIntegral+_smart.dblIntegral+_smart.integral+_smart.minus+_smart.multiply+_smart.multiply.circled+_smart.operator.circled+_smart.plus+_smart.plus.circled,1,1788,10,14.265,ok,291940,logs/222_forward_math___smart.circle__smart.contourIntegral__smart.dblIntegral__smart.integral__smart.minus__smart.mu_r1.log
223,forward,math___smart.circle+_smart.contourIntegral+_smart.dblIntegral+_smart.integral.bottom+_smart.minus+_smart.multiply+_smart.multiply.circled+_smart.operator.circled+_smart.plus+_smart.plus.circled,1,1789,10,14.195,ok,291940,logs/223_forward_math___smart.circle__smart.contourIntegral__smart.dblIntegral__smart.integral.bottom__smart.minus__s_r1.log
224,forward,math___smart.circle+_smart.contourIntegral+_smart.dblIntegral+_smart.integral.top+_smart.minus+_smart.multiply+_smart.multiply.circled+_smart.operator.circled+_smart.plus+_smart.plus.circled,1,1789,10,14.109,ok,291940,logs/224_forward_math___smart.circle__smart.contourIntegral__smart.dblIntegral__smart.integral.top__smart.minus__smar_r1.log
225,forward,math___smart.circle+_smart.contourIntegral+_smart.dblIntegral+_smart.minus+_smart.multiply+_smart.multiply.circled+_smart.operator.circled+_smart.plus+_smart.plus.001+_smart.plus.circled,1,1789,10,14.318,ok,291940,logs/225_forward_math___smart.circle__smart.contourIntegral__smart.dblIntegral__smart.minus__smart.multiply__smart.mu_r1.log
226,forward,math___smart.circle+_smart.contourIntegral+_smart.dblIntegral+_smart.minus+_smart.multiply+_smart.multiply.circled+_smart.operator.circled+_smart.plus+_smart.plus.circled+_smart.plus.circled.001,1,1789,10,14.813,ok,291940,logs/226_forward_math___smart.circle__smart.contourIntegral__smart.dblIntegral__smart.minus__smart.multiply__smart.mu_r1.log
227,forward,math___smart.circle+_smart.contourIntegral+_smart.dblIntegral+_smart.minus+_smart.multiply+_smart.multiply.circled+_smart.operator.circled+_smart.plus+_smart.plus.circled+_smart.quadrupleIntegral,1,1788,10,16.29,ok,291940,logs/227_forward_math___smart.circle__smart.contourIntegral__smart.dblIntegral__smart.minus__smart.multiply__smart.mu_r1.log
228,forward,math___smart.circle+_smart.contourIntegral+_smart.dblIntegral+_smart.minus+_smart.multiply+_smart.multiply.circled+_smart.operator.circled+_smart.plus+_smart.plus.circled+_smart.tripleIntegral,1,1788,10,14.223,ok,291940,logs/228_forward_math___smart.circle__smart.contourIntegral__smart.dblIntegral__smart.minus__smart.multiply__smart.mu_r1.log
229,forward,math___smart.circle+_smart.contourIntegral+_smart.dblIntegral+_smart.integral+_smart.minus+_smart.multiply+_smart.multiply.circled+_smart.operator.circled+_smart.plus+_smart.plus.circled+_smart.quadrupleIntegral,1,1788,11,14.029,ok,291940,logs/229_forward_math___smart.circle__smart.contourIntegral__smart.dblIntegral__smart.integral__smart.minus__smart.mu_r1.log
230,forward,math___smart.circle+_smart.contourIntegral+_smart.dblIntegral+_smart.integral.bottom+_smart.minus+_smart.multiply+_smart.multiply.circled+_smart.operator.circled+_smart.plus+_smart.plus.circled+_smart.quadrupleIntegral,1,1789,11,13.93,ok,291940,logs/230_forward_math___smart.circle__smart.contourIntegral__smart.dblIntegral__smart.integral.bottom__smart.minus__s_r1.log
231,forward,math___smart.circle+_smart.contourIntegral+_smart.dblIntegral+_smart.integral.top+_smart.minus+_smart.multiply+_smart.multiply.circled+_smart.operator.circled+_smart.plus+_smart.plus.circled+_smart.quadrupleIntegral,1,1789,11,13.854,ok,291940,logs/231_forward_math___smart.circle__smart.contourIntegral__smart.dblIntegral__smart.integral.top__smart.minus__smar_r1.log
232,forward,math___smart.circle+_smart.contourIntegral+_smart.dblIntegral+_smart.minus+_smart.multiply+_smart.multiply.circled+_smart.operator.circled+_smart.plus+_smart.plus.001+_smart.plus.circled+_smart.quadrupleIntegral,1,1789,11,13.899,ok,291940,logs/232_forward_math___smart.circle__smart.contourIntegral__smart.dblIntegral__smart.minus__smart.multiply__smart.mu_r1.log
233,forward,math___smart.circle+_smart.contourIntegral+_smart.dblIntegral+_smart.minus+_smart.multiply+_smart.multiply.circled+_smart.operator.circled+_smart.plus+_smart.plus.circled+_smart.plus.circled.001+_smart.quadrupleIntegral,1,1789,11,13.907,ok,291940,logs/233_forward_math___smart.circle__smart.contourIntegral__smart.dblIntegral__smart.minus__smart.multiply__smart.mu_r1.log
234,forward,math___smart.circle+_smart.contourIntegral+_smart.dblIntegral+_smart.minus+_smart.multiply+_smart.multiply.circled+_smart.operator.circled+_smart.plus+_smart.plus.circled+_smart.quadrupleIntegral+_smart.tripleIntegral,1,1788,11,13.825,ok,291940,logs/234_forward_math___smart.circle__smart.contourIntegral__smart.dblIntegral__smart.minus__smart.multiply__smart.mu_r1.log
235,forward,math___smart.circle+_smart.contourIntegral+_smart.dblIntegral+_smart.integral+_smart.integral.bottom+_smart.minus+_smart.multiply+_smart.multiply.circled+_smart.operator.circled+_smart.plus+_smart.plus.circled+_smart.quadrupleIntegral,1,1789,12,13.965,ok,291940,logs/235_forward_math___smart.circle__smart.contourIntegral__smart.dblIntegral__smart.integral__smart.integral.bottom_r1.log
236,forward,math___smart.circle+_smart.contourIntegral+_smart.dblIntegral+_smart.integral+_smart.integral.top+_smart.minus+_smart.multiply+_smart.multiply.circled+_smart.operator.circled+_smart.plus+_smart.plus.circled+_smart.quadrupleIntegral,1,1789,12,13.942,ok,291940,logs/236_forward_math___smart.circle__smart.contourIntegral__smart.dblIntegral__smart.integral__smart.integral.top__s_r1.log
237,forward,math___smart.circle+_smart.contourIntegral+_smart.dblIntegral+_smart.integral+_smart.minus+_smart.multiply+_smart.multiply.circled+_smart.operator.circled+_smart.plus+_smart.plus.001+_smart.plus.circled+_smart.quadrupleIntegral,1,1789,12,13.912,ok,291940,logs/237_forward_math___smart.circle__smart.contourIntegral__smart.dblIntegral__smart.integral__smart.minus__smart.mu_r1.log
238,forward,math___smart.circle+_smart.contourIntegral+_smart.dblIntegral+_smart.integral+_smart.minus+_smart.multiply+_smart.multiply.circled+_smart.operator.circled+_smart.plus+_smart.plus.circled+_smart.plus.circled.001+_smart.quadrupleIntegral,1,1789,12,13.92,ok,291940,logs/238_forward_math___smart.circle__smart.contourIntegral__smart.dblIntegral__smart.integral__smart.minus__smart.mu_r1.log
239,forward,math___smart.circle+_smart.contourIntegral+_smart.dblIntegral+_smart.integral+_smart.minus+_smart.multiply+_smart.multiply.circled+_smart.operator.circled+_smart.plus+_smart.plus.circled+_smart.quadrupleIntegral+_smart.tripleIntegral,1,1788,12,13.866,ok,291940,logs/239_forward_math___smart.circle__smart.contourIntegral__smart.dblIntegral__smart.integral__smart.minus__smart.mu_r1.log
240,forward,math___smart.circle+_smart.contourIntegral+_smart.dblIntegral+_smart.integral+_smart.integral.bottom+_smart.integral.top+_smart.minus+_smart.multiply+_smart.multiply.circled+_smart.operator.circled+_smart.plus+_smart.plus.circled+_smart.quadrupleIntegral,1,1878,13,22.482,ok,320216,logs/240_forward_math___smart.circle__smart.contourIntegral__smart.dblIntegral__smart.integral__smart.integral.bottom_r1.log
241,forward,math___smart.circle+_smart.contourIntegral+_smart.dblIntegral+_smart.integral+_smart.integral.bottom+_smart.minus+_smart.multiply+_smart.multiply.circled+_smart.operator.circled+_smart.plus+_smart.plus.001+_smart.plus.circled+_smart.quadrupleIntegral,1,1790,13,14.074,ok,291940,logs/241_forward_math___smart.circle__smart.contourIntegral__smart.dblIntegral__smart.integral__smart.integral.bottom_r1.log
242,forward,math___smart.circle+_smart.contourIntegral+_smart.dblIntegral+_smart.integral+_smart.integral.bottom+_smart.minus+_smart.multiply+_smart.multiply.circled+_smart.operator.circled+_smart.plus+_smart.plus.circled+_smart.plus.circled.001+_smart.quadrupleIntegral,1,1790,13,13.898,ok,291940,logs/242_forward_math___smart.circle__smart.contourIntegral__smart.dblIntegral__smart.integral__smart.integral.bottom_r1.log
243,forward,math___smart.circle+_smart.contourIntegral+_smart.dblIntegral+_smart.integral+_smart.integral.bottom+_smart.minus+_smart.multiply+_smart.multiply.circled+_smart.operator.circled+_smart.plus+_smart.plus.circled+_smart.quadrupleIntegral+_smart.tripleIntegral,1,1789,13,13.92,ok,291940,logs/243_forward_math___smart.circle__smart.contourIntegral__smart.dblIntegral__smart.integral__smart.integral.bottom_r1.log
244,forward,math___smart.circle+_smart.contourIntegral+_smart.dblIntegral+_smart.integral+_smart.integral.bottom+_smart.integral.top+_smart.minus+_smart.multiply+_smart.multiply.circled+_smart.operator.circled+_smart.plus+_smart.plus.001+_smart.plus.circled+_smart.quadrupleIntegral,1,1879,14,22.57,ok,320216,logs/244_forward_math___smart.circle__smart.contourIntegral__smart.dblIntegral__smart.integral__smart.integral.bottom_r1.log
245,forward,math___smart.circle+_smart.contourIntegral+_smart.dblIntegral+_smart.integral+_smart.integral.bottom+_smart.integral.top+_smart.minus+_smart.multiply+_smart.multiply.circled+_smart.operator.circled+_smart.plus+_smart.plus.circled+_smart.plus.circled.001+_smart.quadrupleIntegral,1,1879,14,22.476,ok,320216,logs/245_forward_math___smart.circle__smart.contourIntegral__smart.dblIntegral__smart.integral__smart.integral.bottom_r1.log
246,forward,math___smart.circle+_smart.contourIntegral+_smart.dblIntegral+_smart.integral+_smart.integral.bottom+_smart.integral.top+_smart.minus+_smart.multiply+_smart.multiply.circled+_smart.operator.circled+_smart.plus+_smart.plus.circled+_smart.quadrupleIntegral+_smart.tripleIntegral,1,1900,14,25.97,ok,320216,logs/246_forward_math___smart.circle__smart.contourIntegral__smart.dblIntegral__smart.integral__smart.integral.bottom_r1.log
247,checkpoint,no_smart_07,1,1685,0,2.997,ok,290624,logs/247_checkpoint_no_smart_07_r1.log
248,forward,math___smart.circle+_smart.contourIntegral+_smart.dblIntegral+_smart.integral+_smart.integral.bottom+_smart.integral.top+_smart.minus+_smart.multiply+_smart.multiply.circled+_smart.operator.circled+_smart.plus+_smart.plus.001+_smart.plus.circled+_smart.quadrupleIntegral+_smart.tripleIntegral,1,1901,15,25.814,ok,320216,logs/248_forward_math___smart.circle__smart.contourIntegral__smart.dblIntegral__smart.integral__smart.integral.bottom_r1.log
249,forward,math___smart.circle+_smart.contourIntegral+_smart.dblIntegral+_smart.integral+_smart.integral.bottom+_smart.integral.top+_smart.minus+_smart.multiply+_smart.multiply.circled+_smart.operator.circled+_smart.plus+_smart.plus.circled+_smart.plus.circled.001+_smart.quadrupleIntegral+_smart.tripleIntegral,1,1901,15,25.782,ok,320216,logs/249_forward_math___smart.circle__smart.contourIntegral__smart.dblIntegral__smart.integral__smart.integral.bottom_r1.log
250,forward,math___smart.circle+_smart.contourIntegral+_smart.dblIntegral+_smart.integral+_smart.integral.bottom+_smart.integral.top+_smart.minus+_smart.multiply+_smart.multiply.circled+_smart.operator.circled+_smart.plus+_smart.plus.001+_smart.plus.circled+_smart.plus.circled.001+_smart.quadrupleIntegral+_smart.tripleIntegral,1,1902,16,25.483,ok,320216,logs/250_forward_math___smart.circle__smart.contourIntegral__smart.dblIntegral__smart.integral__smart.integral.bottom_r1.log
251,backward,math___smart.contourIntegral+_smart.dblIntegral+_smart.integral+_smart.integral.bottom+_smart.integral.top+_smart.minus+_smart.multiply+_smart.multiply.circled+_smart.operator.circled+_smart.plus+_smart.plus.001+_smart.plus.circled+_smart.plus.circled.001+_smart.quadrupleIntegral+_smart.tripleIntegral,1,1806,15,17.843,ok,318900,logs/251_backward_math___smart.contourIntegral__smart.dblIntegral__smart.integral__smart.integral.bottom__smart.integr_r1.log
252,backward,math___smart.circle+_smart.dblIntegral+_smart.integral+_smart.integral.bottom+_smart.integral.top+_smart.minus+_smart.multiply+_smart.multiply.circled+_smart.operator.circled+_smart.plus+_smart.plus.001+_smart.plus.circled+_smart.plus.circled.001+_smart.quadrupleIntegral+_smart.tripleIntegral,1,1880,15,24.46,ok,320216,logs/252_backward_math___smart.circle__smart.dblIntegral__smart.integral__smart.integral.bottom__smart.integral.top__s_r1.log
253,backward,math___smart.circle+_smart.contourIntegral+_smart.integral+_smart.integral.bottom+_smart.integral.top+_smart.minus+_smart.multiply+_smart.multiply.circled+_smart.operator.circled+_smart.plus+_smart.plus.001+_smart.plus.circled+_smart.plus.circled.001+_smart.quadrupleIntegral+_smart.tripleIntegral,1,1880,15,24.323,ok,317836,logs/253_backward_math___smart.circle__smart.contourIntegral__smart.integral__smart.integral.bottom__smart.integral.to_r1.log
254,backward,math___smart.circle+_smart.contourIntegral+_smart.dblIntegral+_smart.integral.bottom+_smart.integral.top+_smart.minus+_smart.multiply+_smart.multiply.circled+_smart.operator.circled+_smart.plus+_smart.plus.001+_smart.plus.circled+_smart.plus.circled.001+_smart.quadrupleIntegral+_smart.tripleIntegral,1,1792,15,14.147,ok,291940,logs/254_backward_math___smart.circle__smart.contourIntegral__smart.dblIntegral__smart.integral.bottom__smart.integral_r1.log
255,backward,math___smart.circle+_smart.contourIntegral+_smart.dblIntegral+_smart.integral+_smart.integral.top+_smart.minus+_smart.multiply+_smart.multiply.circled+_smart.operator.circled+_smart.plus+_smart.plus.001+_smart.plus.circled+_smart.plus.circled.001+_smart.quadrupleIntegral+_smart.tripleIntegral,1,1791,15,13.91,ok,291940,logs/255_backward_math___smart.circle__smart.contourIntegral__smart.dblIntegral__smart.integral__smart.integral.top__s_r1.log
256,backward,math___smart.circle+_smart.contourIntegral+_smart.dblIntegral+_smart.integral+_smart.integral.bottom+_smart.minus+_smart.multiply+_smart.multiply.circled+_smart.operator.circled+_smart.plus+_smart.plus.001+_smart.plus.circled+_smart.plus.circled.001+_smart.quadrupleIntegral+_smart.tripleIntegral,1,1791,15,13.934,ok,291940,logs/256_backward_math___smart.circle__smart.contourIntegral__smart.dblIntegral__smart.integral__smart.integral.bottom_r1.log
257,backward,math___smart.circle+_smart.contourIntegral+_smart.dblIntegral+_smart.integral+_smart.integral.bottom+_smart.integral.top+_smart.multiply+_smart.multiply.circled+_smart.operator.circled+_smart.plus+_smart.plus.001+_smart.plus.circled+_smart.plus.circled.001+_smart.quadrupleIntegral+_smart.tripleIntegral,1,1823,15,15.036,ok,320216,logs/257_backward_math___smart.circle__smart.contourIntegral__smart.dblIntegral__smart.integral__smart.integral.bottom_r1.log
258,backward,math___smart.circle+_smart.contourIntegral+_smart.dblIntegral+_smart.integral+_smart.integral.bottom+_smart.integral.top+_smart.minus+_smart.multiply.circled+_smart.operator.circled+_smart.plus+_smart.plus.001+_smart.plus.circled+_smart.plus.circled.001+_smart.quadrupleIntegral+_smart.tripleIntegral,1,1856,15,19.644,ok,320216,logs/258_backward_math___smart.circle__smart.contourIntegral__smart.dblIntegral__smart.integral__smart.integral.bottom_r1.log
259,backward,math___smart.circle+_smart.contourIntegral+_smart.dblIntegral+_smart.integral+_smart.integral.bottom+_smart.integral.top+_smart.minus+_smart.multiply+_smart.operator.circled+_smart.plus+_smart.plus.001+_smart.plus.circled+_smart.plus.circled.001+_smart.quadrupleIntegral+_smart.tripleIntegral,1,1879,15,23.438,ok,320216,logs/259_backward_math___smart.circle__smart.contourIntegral__smart.dblIntegral__smart.integral__smart.integral.bottom_r1.log
260,backward,math___smart.circle+_smart.contourIntegral+_smart.dblIntegral+_smart.integral+_smart.integral.bottom+_smart.integral.top+_smart.minus+_smart.multiply+_smart.multiply.circled+_smart.plus+_smart.plus.001+_smart.plus.circled+_smart.plus.circled.001+_smart.quadrupleIntegral+_smart.tripleIntegral,1,1880,15,24.739,ok,320216,logs/260_backward_math___smart.circle__smart.contourIntegral__smart.dblIntegral__smart.integral__smart.integral.bottom_r1.log
261,backward,math___smart.circle+_smart.contourIntegral+_smart.dblIntegral+_smart.integral+_smart.integral.bottom+_smart.integral.top+_smart.minus+_smart.multiply+_smart.multiply.circled+_smart.operator.circled+_smart.plus.001+_smart.plus.circled+_smart.plus.circled.001+_smart.quadrupleIntegral+_smart.tripleIntegral,1,1877,15,20.545,ok,320216,logs/261_backward_math___smart.circle__smart.contourIntegral__smart.dblIntegral__smart.integral__smart.integral.bottom_r1.log
262,backward,math___smart.circle+_smart.contourIntegral+_smart.dblIntegral+_smart.integral+_smart.integral.bottom+_smart.integral.top+_smart.minus+_smart.multiply+_smart.multiply.circled+_smart.operator.circled+_smart.plus+_smart.plus.001+_smart.plus.circled.001+_smart.quadrupleIntegral+_smart.tripleIntegral,1,1879,15,23.09,ok,320216,logs/262_backward_math___smart.circle__smart.contourIntegral__smart.dblIntegral__smart.integral__smart.integral.bottom_r1.log
263,backward,math___smart.circle+_smart.contourIntegral+_smart.dblIntegral+_smart.integral+_smart.integral.bottom+_smart.integral.top+_smart.minus+_smart.multiply+_smart.multiply.circled+_smart.operator.circled+_smart.plus+_smart.plus.001+_smart.plus.circled+_smart.plus.circled.001+_smart.tripleIntegral,1,1880,15,22.059,ok,320216,logs/263_backward_math___smart.circle__smart.contourIntegral__smart.dblIntegral__smart.integral__smart.integral.bottom_r1.log
264,backward,math___smart.circle+_smart.contourIntegral+_smart.dblIntegral+_smart.integral+_smart.integral.bottom+_smart.integral.top+_smart.minus+_smart.multiply+_smart.multiply.circled+_smart.operator.circled+_smart.plus+_smart.plus.001+_smart.plus.circled+_smart.plus.circled.001+_smart.quadrupleIntegral,1,1880,15,23.748,ok,320216,logs/264_backward_math___smart.circle__smart.contourIntegral__smart.dblIntegral__smart.integral__smart.integral.bottom_r1.log
265,backward,math___smart.contourIntegral+_smart.dblIntegral+_smart.integral+_smart.integral.top+_smart.minus+_smart.multiply+_smart.multiply.circled+_smart.operator.circled+_smart.plus+_smart.plus.001+_smart.plus.circled+_smart.plus.circled.001+_smart.quadrupleIntegral+_smart.tripleIntegral,1,1717,14,7.44,ok,290624,logs/265_backward_math___smart.contourIntegral__smart.dblIntegral__smart.integral__smart.integral.top__smart.minus__sm_r1.log
266,backward,math___smart.circle+_smart.dblIntegral+_smart.integral+_smart.integral.top+_smart.minus+_smart.multiply+_smart.multiply.circled+_smart.operator.circled+_smart.plus+_smart.plus.001+_smart.plus.circled+_smart.plus.circled.001+_smart.quadrupleIntegral+_smart.tripleIntegral,1,1791,14,13.812,ok,291940,logs/266_backward_math___smart.circle__smart.dblIntegral__smart.integral__smart.integral.top__smart.minus__smart.multi_r1.log
267,backward,math___smart.circle+_smart.contourIntegral+_smart.integral+_smart.integral.top+_smart.minus+_smart.multiply+_smart.multiply.circled+_smart.operator.circled+_smart.plus+_smart.plus.001+_smart.plus.circled+_smart.plus.circled.001+_smart.quadrupleIntegral+_smart.tripleIntegral,1,1791,14,15.384,ok,291940,logs/267_backward_math___smart.circle__smart.contourIntegral__smart.integral__smart.integral.top__smart.minus__smart.m_r1.log
268,backward,math___smart.circle+_smart.contourIntegral+_smart.dblIntegral+_smart.integral.top+_smart.minus+_smart.multiply+_smart.multiply.circled+_smart.operator.circled+_smart.plus+_smart.plus.001+_smart.plus.circled+_smart.plus.circled.001+_smart.quadrupleIntegral+_smart.tripleIntegral,1,1791,14,16.527,ok,291940,logs/268_backward_math___smart.circle__smart.contourIntegral__smart.dblIntegral__smart.integral.top__smart.minus__smar_r1.log
269,backward,math___smart.circle+_smart.contourIntegral+_smart.dblIntegral+_smart.integral+_smart.minus+_smart.multiply+_smart.multiply.circled+_smart.operator.circled+_smart.plus+_smart.plus.001+_smart.plus.circled+_smart.plus.circled.001+_smart.quadrupleIntegral+_smart.tripleIntegral,1,1790,14,14.427,ok,291940,logs/269_backward_math___smart.circle__smart.contourIntegral__smart.dblIntegral__smart.integral__smart.minus__smart.mu_r1.log
270,backward,math___smart.circle+_smart.contourIntegral+_smart.dblIntegral+_smart.integral+_smart.integral.top+_smart.multiply+_smart.multiply.circled+_smart.operator.circled+_smart.plus+_smart.plus.001+_smart.plus.circled+_smart.plus.circled.001+_smart.quadrupleIntegral+_smart.tripleIntegral,1,1712,14,3.49,ok,291940,logs/270_backward_math___smart.circle__smart.contourIntegral__smart.dblIntegral__smart.integral__smart.integral.top__s_r1.log
271,backward,math___smart.circle+_smart.contourIntegral+_smart.dblIntegral+_smart.integral+_smart.integral.top+_smart.minus+_smart.multiply.circled+_smart.operator.circled+_smart.plus+_smart.plus.001+_smart.plus.circled+_smart.plus.circled.001+_smart.quadrupleIntegral+_smart.tripleIntegral,1,1745,14,8.09,ok,291940,logs/271_backward_math___smart.circle__smart.contourIntegral__smart.dblIntegral__smart.integral__smart.integral.top__s_r1.log
272,backward,math___smart.circle+_smart.contourIntegral+_smart.dblIntegral+_smart.integral+_smart.integral.top+_smart.minus+_smart.multiply+_smart.operator.circled+_smart.plus+_smart.plus.001+_smart.plus.circled+_smart.plus.circled.001+_smart.quadrupleIntegral+_smart.tripleIntegral,1,1768,14,12.935,ok,291940,logs/272_backward_math___smart.circle__smart.contourIntegral__smart.dblIntegral__smart.integral__smart.integral.top__s_r1.log
273,backward,math___smart.circle+_smart.contourIntegral+_smart.dblIntegral+_smart.integral+_smart.integral.top+_smart.minus+_smart.multiply+_smart.multiply.circled+_smart.plus+_smart.plus.001+_smart.plus.circled+_smart.plus.circled.001+_smart.quadrupleIntegral+_smart.tripleIntegral,1,1769,14,14.673,ok,291940,logs/273_backward_math___smart.circle__smart.contourIntegral__smart.dblIntegral__smart.integral__smart.integral.top__s_r1.log
274,backward,math___smart.circle+_smart.contourIntegral+_smart.dblIntegral+_smart.integral+_smart.integral.top+_smart.minus+_smart.multiply+_smart.multiply.circled+_smart.operator.circled+_smart.plus.001+_smart.plus.circled+_smart.plus.circled.001+_smart.quadrupleIntegral+_smart.tripleIntegral,1,1766,14,9.628,ok,291940,logs/274_backward_math___smart.circle__smart.contourIntegral__smart.dblIntegral__smart.integral__smart.integral.top__s_r1.log
275,backward,math___smart.circle+_smart.contourIntegral+_smart.dblIntegral+_smart.integral+_smart.integral.top+_smart.minus+_smart.multiply+_smart.multiply.circled+_smart.operator.circled+_smart.plus+_smart.plus.circled+_smart.plus.circled.001+_smart.quadrupleIntegral+_smart.tripleIntegral,1,1790,14,14.085,ok,291940,logs/275_backward_math___smart.circle__smart.contourIntegral__smart.dblIntegral__smart.integral__smart.integral.top__s_r1.log
276,backward,math___smart.circle+_smart.contourIntegral+_smart.dblIntegral+_smart.integral+_smart.integral.top+_smart.minus+_smart.multiply+_smart.multiply.circled+_smart.operator.circled+_smart.plus+_smart.plus.001+_smart.plus.circled.001+_smart.quadrupleIntegral+_smart.tripleIntegral,1,1768,14,9.935,ok,291940,logs/276_backward_math___smart.circle__smart.contourIntegral__smart.dblIntegral__smart.integral__smart.integral.top__s_r1.log
277,backward,math___smart.circle+_smart.contourIntegral+_smart.dblIntegral+_smart.integral+_smart.integral.top+_smart.minus+_smart.multiply+_smart.multiply.circled+_smart.operator.circled+_smart.plus+_smart.plus.001+_smart.plus.circled+_smart.quadrupleIntegral+_smart.tripleIntegral,1,1790,14,14.898,ok,291940,logs/277_backward_math___smart.circle__smart.contourIntegral__smart.dblIntegral__smart.integral__smart.integral.top__s_r1.log
278,backward,math___smart.circle+_smart.contourIntegral+_smart.dblIntegral+_smart.integral+_smart.integral.top+_smart.minus+_smart.multiply+_smart.multiply.circled+_smart.operator.circled+_smart.plus+_smart.plus.001+_smart.plus.circled+_smart.plus.circled.001+_smart.tripleIntegral,1,1791,14,13.879,ok,291940,logs/278_backward_math___smart.circle__smart.contourIntegral__smart.dblIntegral__smart.integral__smart.integral.top__s_r1.log
279,backward,math___smart.circle+_smart.contourIntegral+_smart.dblIntegral+_smart.integral+_smart.integral.top+_smart.minus+_smart.multiply+_smart.multiply.circled+_smart.operator.circled+_smart.plus+_smart.plus.001+_smart.plus.circled+_smart.plus.circled.001+_smart.quadrupleIntegral,1,1791,14,13.713,ok,291940,logs/279_backward_math___smart.circle__smart.contourIntegral__smart.dblIntegral__smart.integral__smart.integral.top__s_r1.log
280,backward,math___smart.contourIntegral+_smart.dblIntegral+_smart.integral+_smart.integral.top+_smart.multiply+_smart.multiply.circled+_smart.operator.circled+_smart.plus+_smart.plus.001+_smart.plus.circled+_smart.plus.circled.001+_smart.quadrupleIntegral+_smart.tripleIntegral,1,1686,13,2.933,ok,290624,logs/280_backward_math___smart.contourIntegral__smart.dblIntegral__smart.integral__smart.integral.top__smart.multiply__r1.log
281,backward,math___smart.circle+_smart.dblIntegral+_smart.integral+_smart.integral.top+_smart.multiply+_smart.multiply.circled+_smart.operator.circled+_smart.plus+_smart.plus.001+_smart.plus.circled+_smart.plus.circled.001+_smart.quadrupleIntegral+_smart.tripleIntegral,1,1712,13,3.235,ok,291940,logs/281_backward_math___smart.circle__smart.dblIntegral__smart.integral__smart.integral.top__smart.multiply__smart.mu_r1.log
282,backward,math___smart.circle+_smart.contourIntegral+_smart.integral+_smart.integral.top+_smart.multiply+_smart.multiply.circled+_smart.operator.circled+_smart.plus+_smart.plus.001+_smart.plus.circled+_smart.plus.circled.001+_smart.quadrupleIntegral+_smart.tripleIntegral,1,1712,13,3.244,ok,291940,logs/282_backward_math___smart.circle__smart.contourIntegral__smart.integral__smart.integral.top__smart.multiply__smar_r1.log
283,backward,math___smart.circle+_smart.contourIntegral+_smart.dblIntegral+_smart.integral.top+_smart.multiply+_smart.multiply.circled+_smart.operator.circled+_smart.plus+_smart.plus.001+_smart.plus.circled+_smart.plus.circled.001+_smart.quadrupleIntegral+_smart.tripleIntegral,1,1712,13,3.245,ok,291940,logs/283_backward_math___smart.circle__smart.contourIntegral__smart.dblIntegral__smart.integral.top__smart.multiply__s_r1.log
284,backward,math___smart.circle+_smart.contourIntegral+_smart.dblIntegral+_smart.integral+_smart.multiply+_smart.multiply.circled+_smart.operator.circled+_smart.plus+_smart.plus.001+_smart.plus.circled+_smart.plus.circled.001+_smart.quadrupleIntegral+_smart.tripleIntegral,1,1711,13,3.28,ok,291940,logs/284_backward_math___smart.circle__smart.contourIntegral__smart.dblIntegral__smart.integral__smart.multiply__smart_r1.log
285,backward,math___smart.circle+_smart.contourIntegral+_smart.dblIntegral+_smart.integral+_smart.integral.top+_smart.multiply.circled+_smart.operator.circled+_smart.plus+_smart.plus.001+_smart.plus.circled+_smart.plus.circled.001+_smart.quadrupleIntegral+_smart.tripleIntegral,1,1712,13,3.275,ok,291940,logs/285_backward_math___smart.circle__smart.contourIntegral__smart.dblIntegral__smart.integral__smart.integral.top__s_r1.log
286,backward,math___smart.circle+_smart.contourIntegral+_smart.dblIntegral+_smart.integral+_smart.integral.top+_smart.multiply+_smart.operator.circled+_smart.plus+_smart.plus.001+_smart.plus.circled+_smart.plus.circled.001+_smart.quadrupleIntegral+_smart.tripleIntegral,1,1712,13,3.263,ok,291940,logs/286_backward_math___smart.circle__smart.contourIntegral__smart.dblIntegral__smart.integral__smart.integral.top__s_r1.log
287,backward,math___smart.circle+_smart.contourIntegral+_smart.dblIntegral+_smart.integral+_smart.integral.top+_smart.multiply+_smart.multiply.circled+_smart.plus+_smart.plus.001+_smart.plus.circled+_smart.plus.circled.001+_smart.quadrupleIntegral+_smart.tripleIntegral,1,1690,13,2.902,ok,291940,logs/287_backward_math___smart.circle__smart.contourIntegral__smart.dblIntegral__smart.integral__smart.integral.top__s_r1.log
288,checkpoint,no_smart_08,1,1685,0,2.916,ok,290624,logs/288_checkpoint_no_smart_08_r1.log
289,backward,math___smart.circle+_smart.contourIntegral+_smart.dblIntegral+_smart.integral+_smart.integral.top+_smart.multiply+_smart.multiply.circled+_smart.operator.circled+_smart.plus.001+_smart.plus.circled+_smart.plus.circled.001+_smart.quadrupleIntegral+_smart.tripleIntegral,1,1712,13,3.259,ok,291940,logs/289_backward_math___smart.circle__smart.contourIntegral__smart.dblIntegral__smart.integral__smart.integral.top__s_r1.log
290,backward,math___smart.circle+_smart.contourIntegral+_smart.dblIntegral+_smart.integral+_smart.integral.top+_smart.multiply+_smart.multiply.circled+_smart.operator.circled+_smart.plus+_smart.plus.circled+_smart.plus.circled.001+_smart.quadrupleIntegral+_smart.tripleIntegral,1,1712,13,3.342,ok,291940,logs/290_backward_math___smart.circle__smart.contourIntegral__smart.dblIntegral__smart.integral__smart.integral.top__s_r1.log
291,backward,math___smart.circle+_smart.contourIntegral+_smart.dblIntegral+_smart.integral+_smart.integral.top+_smart.multiply+_smart.multiply.circled+_smart.operator.circled+_smart.plus+_smart.plus.001+_smart.plus.circled.001+_smart.quadrupleIntegral+_smart.tripleIntegral,1,1712,13,3.282,ok,291940,logs/291_backward_math___smart.circle__smart.contourIntegral__smart.dblIntegral__smart.integral__smart.integral.top__s_r1.log
292,backward,math___smart.circle+_smart.contourIntegral+_smart.dblIntegral+_smart.integral+_smart.integral.top+_smart.multiply+_smart.multiply.circled+_smart.operator.circled+_smart.plus+_smart.plus.001+_smart.plus.circled+_smart.quadrupleIntegral+_smart.tripleIntegral,1,1712,13,3.456,ok,291940,logs/292_backward_math___smart.circle__smart.contourIntegral__smart.dblIntegral__smart.integral__smart.integral.top__s_r1.log
293,backward,math___smart.circle+_smart.contourIntegral+_smart.dblIntegral+_smart.integral+_smart.integral.top+_smart.multiply+_smart.multiply.circled+_smart.operator.circled+_smart.plus+_smart.plus.001+_smart.plus.circled+_smart.plus.circled.001+_smart.tripleIntegral,1,1712,13,3.416,ok,291940,logs/293_backward_math___smart.circle__smart.contourIntegral__smart.dblIntegral__smart.integral__smart.integral.top__s_r1.log
294,backward,math___smart.circle+_smart.contourIntegral+_smart.dblIntegral+_smart.integral+_smart.integral.top+_smart.multiply+_smart.multiply.circled+_smart.operator.circled+_smart.plus+_smart.plus.001+_smart.plus.circled+_smart.plus.circled.001+_smart.quadrupleIntegral,1,1712,13,3.219,ok,291940,logs/294_backward_math___smart.circle__smart.contourIntegral__smart.dblIntegral__smart.integral__smart.integral.top__s_r1.log
295,backward,math___smart.contourIntegral+_smart.dblIntegral+_smart.integral+_smart.integral.top+_smart.multiply+_smart.multiply.circled+_smart.plus+_smart.plus.001+_smart.plus.circled+_smart.plus.circled.001+_smart.quadrupleIntegral+_smart.tripleIntegral,1,1686,12,2.868,ok,290624,logs/295_backward_math___smart.contourIntegral__smart.dblIntegral__smart.integral__smart.integral.top__smart.multiply__r1.log
296,backward,math___smart.circle+_smart.dblIntegral+_smart.integral+_smart.integral.top+_smart.multiply+_smart.multiply.circled+_smart.plus+_smart.plus.001+_smart.plus.circled+_smart.plus.circled.001+_smart.quadrupleIntegral+_smart.tripleIntegral,1,1690,12,2.891,ok,291940,logs/296_backward_math___smart.circle__smart.dblIntegral__smart.integral__smart.integral.top__smart.multiply__smart.mu_r1.log
297,backward,math___smart.circle+_smart.contourIntegral+_smart.integral+_smart.integral.top+_smart.multiply+_smart.multiply.circled+_smart.plus+_smart.plus.001+_smart.plus.circled+_smart.plus.circled.001+_smart.quadrupleIntegral+_smart.tripleIntegral,1,1690,12,2.878,ok,291940,logs/297_backward_math___smart.circle__smart.contourIntegral__smart.integral__smart.integral.top__smart.multiply__smar_r1.log
298,backward,math___smart.circle+_smart.contourIntegral+_smart.dblIntegral+_smart.integral.top+_smart.multiply+_smart.multiply.circled+_smart.plus+_smart.plus.001+_smart.plus.circled+_smart.plus.circled.001+_smart.quadrupleIntegral+_smart.tripleIntegral,1,1690,12,2.952,ok,291940,logs/298_backward_math___smart.circle__smart.contourIntegral__smart.dblIntegral__smart.integral.top__smart.multiply__s_r1.log
299,backward,math___smart.circle+_smart.contourIntegral+_smart.dblIntegral+_smart.integral+_smart.multiply+_smart.multiply.circled+_smart.plus+_smart.plus.001+_smart.plus.circled+_smart.plus.circled.001+_smart.quadrupleIntegral+_smart.tripleIntegral,1,1689,12,2.93,ok,291940,logs/299_backward_math___smart.circle__smart.contourIntegral__smart.dblIntegral__smart.integral__smart.multiply__smart_r1.log
300,backward,math___smart.circle+_smart.contourIntegral+_smart.dblIntegral+_smart.integral+_smart.integral.top+_smart.multiply.circled+_smart.plus+_smart.plus.001+_smart.plus.circled+_smart.plus.circled.001+_smart.quadrupleIntegral+_smart.tripleIntegral,1,1690,12,2.941,ok,291940,logs/300_backward_math___smart.circle__smart.contourIntegral__smart.dblIntegral__smart.integral__smart.integral.top__s_r1.log
301,backward,math___smart.circle+_smart.contourIntegral+_smart.dblIntegral+_smart.integral+_smart.integral.top+_smart.multiply+_smart.plus+_smart.plus.001+_smart.plus.circled+_smart.plus.circled.001+_smart.quadrupleIntegral+_smart.tripleIntegral,1,1690,12,2.897,ok,291940,logs/301_backward_math___smart.circle__smart.contourIntegral__smart.dblIntegral__smart.integral__smart.integral.top__s_r1.log
302,backward,math___smart.circle+_smart.contourIntegral+_smart.dblIntegral+_smart.integral+_smart.integral.top+_smart.multiply+_smart.multiply.circled+_smart.plus.001+_smart.plus.circled+_smart.plus.circled.001+_smart.quadrupleIntegral+_smart.tripleIntegral,1,1690,12,2.884,ok,291940,logs/302_backward_math___smart.circle__smart.contourIntegral__smart.dblIntegral__smart.integral__smart.integral.top__s_r1.log
303,backward,math___smart.circle+_smart.contourIntegral+_smart.dblIntegral+_smart.integral+_smart.integral.top+_smart.multiply+_smart.multiply.circled+_smart.plus+_smart.plus.circled+_smart.plus.circled.001+_smart.quadrupleIntegral+_smart.tripleIntegral,1,1690,12,2.88,ok,291940,logs/303_backward_math___smart.circle__smart.contourIntegral__smart.dblIntegral__smart.integral__smart.integral.top__s_r1.log
304,backward,math___smart.circle+_smart.contourIntegral+_smart.dblIntegral+_smart.integral+_smart.integral.top+_smart.multiply+_smart.multiply.circled+_smart.plus+_smart.plus.001+_smart.plus.circled.001+_smart.quadrupleIntegral+_smart.tripleIntegral,1,1690,12,2.889,ok,291940,logs/304_backward_math___smart.circle__smart.contourIntegral__smart.dblIntegral__smart.integral__smart.integral.top__s_r1.log
305,backward,math___smart.circle+_smart.contourIntegral+_smart.dblIntegral+_smart.integral+_smart.integral.top+_smart.multiply+_smart.multiply.circled+_smart.plus+_smart.plus.001+_smart.plus.circled+_smart.quadrupleIntegral+_smart.tripleIntegral,1,1690,12,2.874,ok,291940,logs/305_backward_math___smart.circle__smart.contourIntegral__smart.dblIntegral__smart.integral__smart.integral.top__s_r1.log
306,backward,math___smart.circle+_smart.contourIntegral+_smart.dblIntegral+_smart.integral+_smart.integral.top+_smart.multiply+_smart.multiply.circled+_smart.plus+_smart.plus.001+_smart.plus.circled+_smart.plus.circled.001+_smart.tripleIntegral,1,1690,12,3.155,ok,291940,logs/306_backward_math___smart.circle__smart.contourIntegral__smart.dblIntegral__smart.integral__smart.integral.top__s_r1.log
307,backward,math___smart.circle+_smart.contourIntegral+_smart.dblIntegral+_smart.integral+_smart.integral.top+_smart.multiply+_smart.multiply.circled+_smart.plus+_smart.plus.001+_smart.plus.circled+_smart.plus.circled.001+_smart.quadrupleIntegral,1,1690,12,3.152,ok,291940,logs/307_backward_math___smart.circle__smart.contourIntegral__smart.dblIntegral__smart.integral__smart.integral.top__s_r1.log
308,backward,math___smart.dblIntegral+_smart.integral+_smart.integral.top+_smart.multiply+_smart.multiply.circled+_smart.plus+_smart.plus.001+_smart.plus.circled+_smart.plus.circled.001+_smart.quadrupleIntegral+_smart.tripleIntegral,1,1686,11,2.894,ok,290624,logs/308_backward_math___smart.dblIntegral__smart.integral__smart.integral.top__smart.multiply__smart.multiply.circled_r1.log
309,backward,math___smart.contourIntegral+_smart.integral+_smart.integral.top+_smart.multiply+_smart.multiply.circled+_smart.plus+_smart.plus.001+_smart.plus.circled+_smart.plus.circled.001+_smart.quadrupleIntegral+_smart.tripleIntegral,1,1686,11,2.922,ok,290624,logs/309_backward_math___smart.contourIntegral__smart.integral__smart.integral.top__smart.multiply__smart.multiply.cir_r1.log
310,backward,math___smart.contourIntegral+_smart.dblIntegral+_smart.integral.top+_smart.multiply+_smart.multiply.circled+_smart.plus+_smart.plus.001+_smart.plus.circled+_smart.plus.circled.001+_smart.quadrupleIntegral+_smart.tripleIntegral,1,1686,11,2.879,ok,290624,logs/310_backward_math___smart.contourIntegral__smart.dblIntegral__smart.integral.top__smart.multiply__smart.multiply._r1.log
311,backward,math___smart.contourIntegral+_smart.dblIntegral+_smart.integral+_smart.multiply+_smart.multiply.circled+_smart.plus+_smart.plus.001+_smart.plus.circled+_smart.plus.circled.001+_smart.quadrupleIntegral+_smart.tripleIntegral,1,1685,11,2.852,ok,290624,logs/311_backward_math___smart.contourIntegral__smart.dblIntegral__smart.integral__smart.multiply__smart.multiply.circ_r1.log
312,backward,math___smart.contourIntegral+_smart.dblIntegral+_smart.integral+_smart.integral.top+_smart.multiply.circled+_smart.plus+_smart.plus.001+_smart.plus.circled+_smart.plus.circled.001+_smart.quadrupleIntegral+_smart.tripleIntegral,1,1686,11,2.887,ok,290624,logs/312_backward_math___smart.contourIntegral__smart.dblIntegral__smart.integral__smart.integral.top__smart.multiply._r1.log
313,backward,math___smart.contourIntegral+_smart.dblIntegral+_smart.integral+_smart.integral.top+_smart.multiply+_smart.plus+_smart.plus.001+_smart.plus.circled+_smart.plus.circled.001+_smart.quadrupleIntegral+_smart.tripleIntegral,1,1686,11,2.9,ok,290624,logs/313_backward_math___smart.contourIntegral__smart.dblIntegral__smart.integral__smart.integral.top__smart.multiply__r1.log
314,backward,math___smart.contourIntegral+_smart.dblIntegral+_smart.integral+_smart.integral.top+_smart.multiply+_smart.multiply.circled+_smart.plus.001+_smart.plus.circled+_smart.plus.circled.001+_smart.quadrupleIntegral+_smart.tripleIntegral,1,1686,11,2.902,ok,290624,logs/314_backward_math___smart.contourIntegral__smart.dblIntegral__smart.integral__smart.integral.top__smart.multiply__r1.log
315,backward,math___smart.contourIntegral+_smart.dblIntegral+_smart.integral+_smart.integral.top+_smart.multiply+_smart.multiply.circled+_smart.plus+_smart.plus.circled+_smart.plus.circled.001+_smart.quadrupleIntegral+_smart.tripleIntegral,1,1686,11,2.883,ok,290624,logs/315_backward_math___smart.contourIntegral__smart.dblIntegral__smart.integral__smart.integral.top__smart.multiply__r1.log
316,backward,math___smart.contourIntegral+_smart.dblIntegral+_smart.integral+_smart.integral.top+_smart.multiply+_smart.multiply.circled+_smart.plus+_smart.plus.001+_smart.plus.circled.001+_smart.quadrupleIntegral+_smart.tripleIntegral,1,1686,11,2.88,ok,290624,logs/316_backward_math___smart.contourIntegral__smart.dblIntegral__smart.integral__smart.integral.top__smart.multiply__r1.log
317,backward,math___smart.contourIntegral+_smart.dblIntegral+_smart.integral+_smart.integral.top+_smart.multiply+_smart.multiply.circled+_smart.plus+_smart.plus.001+_smart.plus.circled+_smart.quadrupleIntegral+_smart.tripleIntegral,1,1686,11,2.928,ok,290624,logs/317_backward_math___smart.contourIntegral__smart.dblIntegral__smart.integral__smart.integral.top__smart.multiply__r1.log
318,backward,math___smart.contourIntegral+_smart.dblIntegral+_smart.integral+_smart.integral.top+_smart.multiply+_smart.multiply.circled+_smart.plus+_smart.plus.001+_smart.plus.circled+_smart.plus.circled.001+_smart.tripleIntegral,1,1686,11,2.901,ok,290624,logs/318_backward_math___smart.contourIntegral__smart.dblIntegral__smart.integral__smart.integral.top__smart.multiply__r1.log
319,backward,math___smart.contourIntegral+_smart.dblIntegral+_smart.integral+_smart.integral.top+_smart.multiply+_smart.multiply.circled+_smart.plus+_smart.plus.001+_smart.plus.circled+_smart.plus.circled.001+_smart.quadrupleIntegral,1,1686,11,2.871,ok,290624,logs/319_backward_math___smart.contourIntegral__smart.dblIntegral__smart.integral__smart.integral.top__smart.multiply__r1.log
320,backward,math___smart.dblIntegral+_smart.integral+_smart.multiply+_smart.multiply.circled+_smart.plus+_smart.plus.001+_smart.plus.circled+_smart.plus.circled.001+_smart.quadrupleIntegral+_smart.tripleIntegral,1,1685,10,2.879,ok,290624,logs/320_backward_math___smart.dblIntegral__smart.integral__smart.multiply__smart.multiply.circled__smart.plus__smart._r1.log
321,backward,math___smart.contourIntegral+_smart.integral+_smart.multiply+_smart.multiply.circled+_smart.plus+_smart.plus.001+_smart.plus.circled+_smart.plus.circled.001+_smart.quadrupleIntegral+_smart.tripleIntegral,1,1685,10,2.898,ok,290624,logs/321_backward_math___smart.contourIntegral__smart.integral__smart.multiply__smart.multiply.circled__smart.plus__sm_r1.log
322,backward,math___smart.contourIntegral+_smart.dblIntegral+_smart.multiply+_smart.multiply.circled+_smart.plus+_smart.plus.001+_smart.plus.circled+_smart.plus.circled.001+_smart.quadrupleIntegral+_smart.tripleIntegral,1,1685,10,2.905,ok,290624,logs/322_backward_math___smart.contourIntegral__smart.dblIntegral__smart.multiply__smart.multiply.circled__smart.plus__r1.log
323,backward,math___smart.contourIntegral+_smart.dblIntegral+_smart.integral+_smart.multiply.circled+_smart.plus+_smart.plus.001+_smart.plus.circled+_smart.plus.circled.001+_smart.quadrupleIntegral+_smart.tripleIntegral,1,1685,10,2.905,ok,290624,logs/323_backward_math___smart.contourIntegral__smart.dblIntegral__smart.integral__smart.multiply.circled__smart.plus__r1.log
324,backward,math___smart.contourIntegral+_smart.dblIntegral+_smart.integral+_smart.multiply+_smart.plus+_smart.plus.001+_smart.plus.circled+_smart.plus.circled.001+_smart.quadrupleIntegral+_smart.tripleIntegral,1,1685,10,2.93,ok,290624,logs/324_backward_math___smart.contourIntegral__smart.dblIntegral__smart.integral__smart.multiply__smart.plus__smart.p_r1.log
325,backward,math___smart.contourIntegral+_smart.dblIntegral+_smart.integral+_smart.multiply+_smart.multiply.circled+_smart.plus.001+_smart.plus.circled+_smart.plus.circled.001+_smart.quadrupleIntegral+_smart.tripleIntegral,1,1685,10,2.931,ok,290624,logs/325_backward_math___smart.contourIntegral__smart.dblIntegral__smart.integral__smart.multiply__smart.multiply.circ_r1.log
326,backward,math___smart.contourIntegral+_smart.dblIntegral+_smart.integral+_smart.multiply+_smart.multiply.circled+_smart.plus+_smart.plus.circled+_smart.plus.circled.001+_smart.quadrupleIntegral+_smart.tripleIntegral,1,1685,10,2.906,ok,290624,logs/326_backward_math___smart.contourIntegral__smart.dblIntegral__smart.integral__smart.multiply__smart.multiply.circ_r1.log
327,backward,math___smart.contourIntegral+_smart.dblIntegral+_smart.integral+_smart.multiply+_smart.multiply.circled+_smart.plus+_smart.plus.001+_smart.plus.circled.001+_smart.quadrupleIntegral+_smart.tripleIntegral,1,1685,10,2.882,ok,290624,logs/327_backward_math___smart.contourIntegral__smart.dblIntegral__smart.integral__smart.multiply__smart.multiply.circ_r1.log
328,backward,math___smart.contourIntegral+_smart.dblIntegral+_smart.integral+_smart.multiply+_smart.multiply.circled+_smart.plus+_smart.plus.001+_smart.plus.circled+_smart.quadrupleIntegral+_smart.tripleIntegral,1,1685,10,2.892,ok,290624,logs/328_backward_math___smart.contourIntegral__smart.dblIntegral__smart.integral__smart.multiply__smart.multiply.circ_r1.log
329,checkpoint,no_smart_09,1,1685,0,2.874,ok,290624,logs/329_checkpoint_no_smart_09_r1.log
330,backward,math___smart.contourIntegral+_smart.dblIntegral+_smart.integral+_smart.multiply+_smart.multiply.circled+_smart.plus+_smart.plus.001+_smart.plus.circled+_smart.plus.circled.001+_smart.tripleIntegral,1,1685,10,2.883,ok,290624,logs/330_backward_math___smart.contourIntegral__smart.dblIntegral__smart.integral__smart.multiply__smart.multiply.circ_r1.log
331,backward,math___smart.contourIntegral+_smart.dblIntegral+_smart.integral+_smart.multiply+_smart.multiply.circled+_smart.plus+_smart.plus.001+_smart.plus.circled+_smart.plus.circled.001+_smart.quadrupleIntegral,1,1685,10,2.88,ok,290624,logs/331_backward_math___smart.contourIntegral__smart.dblIntegral__smart.integral__smart.multiply__smart.multiply.circ_r1.log
332,backward,math___smart.integral+_smart.multiply+_smart.multiply.circled+_smart.plus+_smart.plus.001+_smart.plus.circled+_smart.plus.circled.001+_smart.quadrupleIntegral+_smart.tripleIntegral,1,1685,9,2.895,ok,290624,logs/332_backward_math___smart.integral__smart.multiply__smart.multiply.circled__smart.plus__smart.plus.001__smart.plu_r1.log
333,backward,math___smart.dblIntegral+_smart.multiply+_smart.multiply.circled+_smart.plus+_smart.plus.001+_smart.plus.circled+_smart.plus.circled.001+_smart.quadrupleIntegral+_smart.tripleIntegral,1,1685,9,2.899,ok,290624,logs/333_backward_math___smart.dblIntegral__smart.multiply__smart.multiply.circled__smart.plus__smart.plus.001__smart._r1.log
334,backward,math___smart.dblIntegral+_smart.integral+_smart.multiply.circled+_smart.plus+_smart.plus.001+_smart.plus.circled+_smart.plus.circled.001+_smart.quadrupleIntegral+_smart.tripleIntegral,1,1685,9,2.925,ok,290624,logs/334_backward_math___smart.dblIntegral__smart.integral__smart.multiply.circled__smart.plus__smart.plus.001__smart._r1.log
335,backward,math___smart.dblIntegral+_smart.integral+_smart.multiply+_smart.plus+_smart.plus.001+_smart.plus.circled+_smart.plus.circled.001+_smart.quadrupleIntegral+_smart.tripleIntegral,1,1685,9,2.91,ok,290624,logs/335_backward_math___smart.dblIntegral__smart.integral__smart.multiply__smart.plus__smart.plus.001__smart.plus.cir_r1.log
336,backward,math___smart.dblIntegral+_smart.integral+_smart.multiply+_smart.multiply.circled+_smart.plus.001+_smart.plus.circled+_smart.plus.circled.001+_smart.quadrupleIntegral+_smart.tripleIntegral,1,1685,9,2.896,ok,290624,logs/336_backward_math___smart.dblIntegral__smart.integral__smart.multiply__smart.multiply.circled__smart.plus.001__sm_r1.log
337,backward,math___smart.dblIntegral+_smart.integral+_smart.multiply+_smart.multiply.circled+_smart.plus+_smart.plus.circled+_smart.plus.circled.001+_smart.quadrupleIntegral+_smart.tripleIntegral,1,1685,9,2.964,ok,290624,logs/337_backward_math___smart.dblIntegral__smart.integral__smart.multiply__smart.multiply.circled__smart.plus__smart._r1.log
338,backward,math___smart.dblIntegral+_smart.integral+_smart.multiply+_smart.multiply.circled+_smart.plus+_smart.plus.001+_smart.plus.circled.001+_smart.quadrupleIntegral+_smart.tripleIntegral,1,1685,9,2.907,ok,290624,logs/338_backward_math___smart.dblIntegral__smart.integral__smart.multiply__smart.multiply.circled__smart.plus__smart._r1.log
339,backward,math___smart.dblIntegral+_smart.integral+_smart.multiply+_smart.multiply.circled+_smart.plus+_smart.plus.001+_smart.plus.circled+_smart.quadrupleIntegral+_smart.tripleIntegral,1,1685,9,2.929,ok,290624,logs/339_backward_math___smart.dblIntegral__smart.integral__smart.multiply__smart.multiply.circled__smart.plus__smart._r1.log
340,backward,math___smart.dblIntegral+_smart.integral+_smart.multiply+_smart.multiply.circled+_smart.plus+_smart.plus.001+_smart.plus.circled+_smart.plus.circled.001+_smart.tripleIntegral,1,1685,9,2.899,ok,290624,logs/340_backward_math___smart.dblIntegral__smart.integral__smart.multiply__smart.multiply.circled__smart.plus__smart._r1.log
341,backward,math___smart.dblIntegral+_smart.integral+_smart.multiply+_smart.multiply.circled+_smart.plus+_smart.plus.001+_smart.plus.circled+_smart.plus.circled.001+_smart.quadrupleIntegral,1,1685,9,2.879,ok,290624,logs/341_backward_math___smart.dblIntegral__smart.integral__smart.multiply__smart.multiply.circled__smart.plus__smart._r1.log
342,backward,math___smart.integral+_smart.multiply+_smart.multiply.circled+_smart.plus+_smart.plus.001+_smart.plus.circled+_smart.plus.circled.001+_smart.quadrupleIntegral,1,1685,8,2.904,ok,290624,logs/342_backward_math___smart.integral__smart.multiply__smart.multiply.circled__smart.plus__smart.plus.001__smart.plu_r1.log
343,backward,math___smart.dblIntegral+_smart.multiply+_smart.multiply.circled+_smart.plus+_smart.plus.001+_smart.plus.circled+_smart.plus.circled.001+_smart.quadrupleIntegral,1,1685,8,2.922,ok,290624,logs/343_backward_math___smart.dblIntegral__smart.multiply__smart.multiply.circled__smart.plus__smart.plus.001__smart._r1.log
344,backward,math___smart.dblIntegral+_smart.integral+_smart.multiply.circled+_smart.plus+_smart.plus.001+_smart.plus.circled+_smart.plus.circled.001+_smart.quadrupleIntegral,1,1685,8,2.931,ok,290624,logs/344_backward_math___smart.dblIntegral__smart.integral__smart.multiply.circled__smart.plus__smart.plus.001__smart._r1.log
345,backward,math___smart.dblIntegral+_smart.integral+_smart.multiply+_smart.plus+_smart.plus.001+_smart.plus.circled+_smart.plus.circled.001+_smart.quadrupleIntegral,1,1685,8,2.907,ok,290624,logs/345_backward_math___smart.dblIntegral__smart.integral__smart.multiply__smart.plus__smart.plus.001__smart.plus.cir_r1.log
346,backward,math___smart.dblIntegral+_smart.integral+_smart.multiply+_smart.multiply.circled+_smart.plus.001+_smart.plus.circled+_smart.plus.circled.001+_smart.quadrupleIntegral,1,1685,8,2.897,ok,290624,logs/346_backward_math___smart.dblIntegral__smart.integral__smart.multiply__smart.multiply.circled__smart.plus.001__sm_r1.log
347,backward,math___smart.dblIntegral+_smart.integral+_smart.multiply+_smart.multiply.circled+_smart.plus+_smart.plus.circled+_smart.plus.circled.001+_smart.quadrupleIntegral,1,1685,8,2.905,ok,290624,logs/347_backward_math___smart.dblIntegral__smart.integral__smart.multiply__smart.multiply.circled__smart.plus__smart._r1.log
348,backward,math___smart.dblIntegral+_smart.integral+_smart.multiply+_smart.multiply.circled+_smart.plus+_smart.plus.001+_smart.plus.circled.001+_smart.quadrupleIntegral,1,1685,8,3.045,ok,290624,logs/348_backward_math___smart.dblIntegral__smart.integral__smart.multiply__smart.multiply.circled__smart.plus__smart._r1.log
349,backward,math___smart.dblIntegral+_smart.integral+_smart.multiply+_smart.multiply.circled+_smart.plus+_smart.plus.001+_smart.plus.circled+_smart.quadrupleIntegral,1,1685,8,2.91,ok,290624,logs/349_backward_math___smart.dblIntegral__smart.integral__smart.multiply__smart.multiply.circled__smart.plus__smart._r1.log
350,backward,math___smart.dblIntegral+_smart.integral+_smart.multiply+_smart.multiply.circled+_smart.plus+_smart.plus.001+_smart.plus.circled+_smart.plus.circled.001,1,1685,8,2.904,ok,290624,logs/350_backward_math___smart.dblIntegral__smart.integral__smart.multiply__smart.multiply.circled__smart.plus__smart._r1.log
351,backward,math___smart.integral+_smart.multiply+_smart.multiply.circled+_smart.plus.001+_smart.plus.circled+_smart.plus.circled.001+_smart.quadrupleIntegral,1,1685,7,2.912,ok,290624,logs/351_backward_math___smart.integral__smart.multiply__smart.multiply.circled__smart.plus.001__smart.plus.circled__s_r1.log
352,backward,math___smart.dblIntegral+_smart.multiply+_smart.multiply.circled+_smart.plus.001+_smart.plus.circled+_smart.plus.circled.001+_smart.quadrupleIntegral,1,1685,7,2.896,ok,290624,logs/352_backward_math___smart.dblIntegral__smart.multiply__smart.multiply.circled__smart.plus.001__smart.plus.circled_r1.log
353,backward,math___smart.dblIntegral+_smart.integral+_smart.multiply.circled+_smart.plus.001+_smart.plus.circled+_smart.plus.circled.001+_smart.quadrupleIntegral,1,1685,7,2.868,ok,290624,logs/353_backward_math___smart.dblIntegral__smart.integral__smart.multiply.circled__smart.plus.001__smart.plus.circled_r1.log
354,backward,math___smart.dblIntegral+_smart.integral+_smart.multiply+_smart.plus.001+_smart.plus.circled+_smart.plus.circled.001+_smart.quadrupleIntegral,1,1685,7,2.938,ok,290624,logs/354_backward_math___smart.dblIntegral__smart.integral__smart.multiply__smart.plus.001__smart.plus.circled__smart._r1.log
355,backward,math___smart.dblIntegral+_smart.integral+_smart.multiply+_smart.multiply.circled+_smart.plus.circled+_smart.plus.circled.001+_smart.quadrupleIntegral,1,1685,7,2.784,ok,290624,logs/355_backward_math___smart.dblIntegral__smart.integral__smart.multiply__smart.multiply.circled__smart.plus.circled_r1.log
356,backward,math___smart.dblIntegral+_smart.integral+_smart.multiply+_smart.multiply.circled+_smart.plus.001+_smart.plus.circled.001+_smart.quadrupleIntegral,1,1685,7,2.912,ok,290624,logs/356_backward_math___smart.dblIntegral__smart.integral__smart.multiply__smart.multiply.circled__smart.plus.001__sm_r1.log
357,backward,math___smart.dblIntegral+_smart.integral+_smart.multiply+_smart.multiply.circled+_smart.plus.001+_smart.plus.circled+_smart.quadrupleIntegral,1,1685,7,2.886,ok,290624,logs/357_backward_math___smart.dblIntegral__smart.integral__smart.multiply__smart.multiply.circled__smart.plus.001__sm_r1.log
358,backward,math___smart.dblIntegral+_smart.integral+_smart.multiply+_smart.multiply.circled+_smart.plus.001+_smart.plus.circled+_smart.plus.circled.001,1,1685,7,2.887,ok,290624,logs/358_backward_math___smart.dblIntegral__smart.integral__smart.multiply__smart.multiply.circled__smart.plus.001__sm_r1.log
359,backward,math___smart.integral+_smart.multiply+_smart.multiply.circled+_smart.plus.circled+_smart.plus.circled.001+_smart.quadrupleIntegral,1,1685,6,3.09,ok,290624,logs/359_backward_math___smart.integral__smart.multiply__smart.multiply.circled__smart.plus.circled__smart.plus.circle_r1.log
360,backward,math___smart.dblIntegral+_smart.multiply+_smart.multiply.circled+_smart.plus.circled+_smart.plus.circled.001+_smart.quadrupleIntegral,1,1685,6,2.912,ok,290624,logs/360_backward_math___smart.dblIntegral__smart.multiply__smart.multiply.circled__smart.plus.circled__smart.plus.cir_r1.log
361,backward,math___smart.dblIntegral+_smart.integral+_smart.multiply.circled+_smart.plus.circled+_smart.plus.circled.001+_smart.quadrupleIntegral,1,1685,6,2.872,ok,290624,logs/361_backward_math___smart.dblIntegral__smart.integral__smart.multiply.circled__smart.plus.circled__smart.plus.cir_r1.log
362,backward,math___smart.dblIntegral+_smart.integral+_smart.multiply+_smart.plus.circled+_smart.plus.circled.001+_smart.quadrupleIntegral,1,1685,6,2.888,ok,290624,logs/362_backward_math___smart.dblIntegral__smart.integral__smart.multiply__smart.plus.circled__smart.plus.circled.001_r1.log
363,backward,math___smart.dblIntegral+_smart.integral+_smart.multiply+_smart.multiply.circled+_smart.plus.circled.001+_smart.quadrupleIntegral,1,1685,6,2.89,ok,290624,logs/363_backward_math___smart.dblIntegral__smart.integral__smart.multiply__smart.multiply.circled__smart.plus.circled_r1.log
364,backward,math___smart.dblIntegral+_smart.integral+_smart.multiply+_smart.multiply.circled+_smart.plus.circled+_smart.quadrupleIntegral,1,1685,6,2.887,ok,290624,logs/364_backward_math___smart.dblIntegral__smart.integral__smart.multiply__smart.multiply.circled__smart.plus.circled_r1.log
365,backward,math___smart.dblIntegral+_smart.integral+_smart.multiply+_smart.multiply.circled+_smart.plus.circled+_smart.plus.circled.001,1,1685,6,2.878,ok,290624,logs/365_backward_math___smart.dblIntegral__smart.integral__smart.multiply__smart.multiply.circled__smart.plus.circled_r1.log
366,backward,math___smart.integral+_smart.multiply.circled+_smart.plus.circled+_smart.plus.circled.001+_smart.quadrupleIntegral,1,1685,5,2.895,ok,290624,logs/366_backward_math___smart.integral__smart.multiply.circled__smart.plus.circled__smart.plus.circled.001__smart.qua_r1.log
367,backward,math___smart.dblIntegral+_smart.multiply.circled+_smart.plus.circled+_smart.plus.circled.001+_smart.quadrupleIntegral,1,1685,5,2.882,ok,290624,logs/367_backward_math___smart.dblIntegral__smart.multiply.circled__smart.plus.circled__smart.plus.circled.001__smart._r1.log
368,backward,math___smart.dblIntegral+_smart.integral+_smart.plus.circled+_smart.plus.circled.001+_smart.quadrupleIntegral,1,1685,5,2.936,ok,290624,logs/368_backward_math___smart.dblIntegral__smart.integral__smart.plus.circled__smart.plus.circled.001__smart.quadrupl_r1.log
369,backward,math___smart.dblIntegral+_smart.integral+_smart.multiply.circled+_smart.plus.circled.001+_smart.quadrupleIntegral,1,1685,5,2.962,ok,290624,logs/369_backward_math___smart.dblIntegral__smart.integral__smart.multiply.circled__smart.plus.circled.001__smart.quad_r1.log
370,checkpoint,no_smart_10,1,1685,0,2.914,ok,290624,logs/370_checkpoint_no_smart_10_r1.log
371,backward,math___smart.dblIntegral+_smart.integral+_smart.multiply.circled+_smart.plus.circled+_smart.quadrupleIntegral,1,1685,5,2.891,ok,290624,logs/371_backward_math___smart.dblIntegral__smart.integral__smart.multiply.circled__smart.plus.circled__smart.quadrupl_r1.log
372,backward,math___smart.dblIntegral+_smart.integral+_smart.multiply.circled+_smart.plus.circled+_smart.plus.circled.001,1,1685,5,2.9,ok,290624,logs/372_backward_math___smart.dblIntegral__smart.integral__smart.multiply.circled__smart.plus.circled__smart.plus.cir_r1.log
373,backward,math___smart.multiply.circled+_smart.plus.circled+_smart.plus.circled.001+_smart.quadrupleIntegral,1,1685,4,2.889,ok,290624,logs/373_backward_math___smart.multiply.circled__smart.plus.circled__smart.plus.circled.001__smart.quadrupleIntegral_r1.log
374,backward,math___smart.dblIntegral+_smart.plus.circled+_smart.plus.circled.001+_smart.quadrupleIntegral,1,1685,4,2.871,ok,290624,logs/374_backward_math___smart.dblIntegral__smart.plus.circled__smart.plus.circled.001__smart.quadrupleIntegral_r1.log
375,backward,math___smart.dblIntegral+_smart.multiply.circled+_smart.plus.circled.001+_smart.quadrupleIntegral,1,1685,4,2.884,ok,290624,logs/375_backward_math___smart.dblIntegral__smart.multiply.circled__smart.plus.circled.001__smart.quadrupleIntegral_r1.log
376,backward,math___smart.dblIntegral+_smart.multiply.circled+_smart.plus.circled+_smart.quadrupleIntegral,1,1685,4,2.938,ok,290624,logs/376_backward_math___smart.dblIntegral__smart.multiply.circled__smart.plus.circled__smart.quadrupleIntegral_r1.log
377,backward,math___smart.dblIntegral+_smart.multiply.circled+_smart.plus.circled+_smart.plus.circled.001,1,1685,4,2.913,ok,290624,logs/377_backward_math___smart.dblIntegral__smart.multiply.circled__smart.plus.circled__smart.plus.circled.001_r1.log
378,backward,math___smart.plus.circled+_smart.plus.circled.001+_smart.quadrupleIntegral,1,1685,3,2.881,ok,290624,logs/378_backward_math___smart.plus.circled__smart.plus.circled.001__smart.quadrupleIntegral_r1.log
379,backward,math___smart.dblIntegral+_smart.plus.circled.001+_smart.quadrupleIntegral,1,1685,3,2.875,ok,290624,logs/379_backward_math___smart.dblIntegral__smart.plus.circled.001__smart.quadrupleIntegral_r1.log
380,backward,math___smart.dblIntegral+_smart.plus.circled+_smart.quadrupleIntegral,1,1685,3,2.901,ok,290624,logs/380_backward_math___smart.dblIntegral__smart.plus.circled__smart.quadrupleIntegral_r1.log
381,backward,math___smart.dblIntegral+_smart.plus.circled+_smart.plus.circled.001,1,1685,3,2.876,ok,290624,logs/381_backward_math___smart.dblIntegral__smart.plus.circled__smart.plus.circled.001_r1.log
382,full_family,arrow___ArrowTab+_smart.Arrow.mid+_smart.ArrowHead+_smart.ArrowHead.top+_smart.DoubleArrow.mid+_smart.FrombarArrow+_smart.VerticalArrow.mid,1,1932,7,14.212,ok,445688,logs/382_full_family_arrow___ArrowTab__smart.Arrow.mid__smart.ArrowHead__smart.ArrowHead.top__smart.DoubleArrow.mid__smar_r1.log
383,full_family,arrow___ArrowTab+_smart.Arrow.mid+_smart.ArrowHead+_smart.ArrowHead.top+_smart.DoubleArrow.mid+_smart.FrombarArrow+_smart.VerticalArrow.mid,2,1932,7,14.183,ok,445688,logs/383_full_family_arrow___ArrowTab__smart.Arrow.mid__smart.ArrowHead__smart.ArrowHead.top__smart.DoubleArrow.mid__smar_r2.log
384,exhaustive,arrow___ArrowTab+_smart.ArrowHead.top+_smart.DoubleArrow.mid+_smart.FrombarArrow,1,1704,4,3.052,ok,290800,logs/384_exhaustive_arrow___ArrowTab__smart.ArrowHead.top__smart.DoubleArrow.mid__smart.FrombarArrow_r1.log
385,exhaustive,arrow___ArrowTab+_smart.Arrow.mid+_smart.DoubleArrow.mid,1,1746,3,3.53,ok,295960,logs/385_exhaustive_arrow___ArrowTab__smart.Arrow.mid__smart.DoubleArrow.mid_r1.log
386,exhaustive,arrow___ArrowTab+_smart.Arrow.mid,1,1733,2,3.532,ok,295800,logs/386_exhaustive_arrow___ArrowTab__smart.Arrow.mid_r1.log
387,exhaustive,arrow___smart.Arrow.mid+_smart.ArrowHead.top+_smart.DoubleArrow.mid+_smart.VerticalArrow.mid,1,1789,4,5.53,ok,319308,logs/387_exhaustive_arrow___smart.Arrow.mid__smart.ArrowHead.top__smart.DoubleArrow.mid__smart.VerticalArrow.mid_r1.log
388,exhaustive,arrow___ArrowTab+_smart.ArrowHead+_smart.ArrowHead.top+_smart.DoubleArrow.mid+_smart.FrombarArrow,1,1730,5,4.722,ok,323900,logs/388_exhaustive_arrow___ArrowTab__smart.ArrowHead__smart.ArrowHead.top__smart.DoubleArrow.mid__smart.FrombarArrow_r1.log
389,exhaustive,arrow___smart.ArrowHead.top+_smart.FrombarArrow,1,1687,2,2.957,ok,290624,logs/389_exhaustive_arrow___smart.ArrowHead.top__smart.FrombarArrow_r1.log
390,exhaustive,arrow___ArrowTab+_smart.Arrow.mid+_smart.ArrowHead.top+_smart.DoubleArrow.mid+_smart.FrombarArrow+_smart.VerticalArrow.mid,1,1834,6,6.349,ok,326580,logs/390_exhaustive_arrow___ArrowTab__smart.Arrow.mid__smart.ArrowHead.top__smart.DoubleArrow.mid__smart.FrombarArrow__s_r1.log
391,exhaustive,arrow___smart.ArrowHead.top,1,1687,1,2.932,ok,290624,logs/391_exhaustive_arrow___smart.ArrowHead.top_r1.log
392,exhaustive,arrow___ArrowTab+_smart.Arrow.mid+_smart.ArrowHead.top+_smart.FrombarArrow,1,1803,4,6.239,ok,326424,logs/392_exhaustive_arrow___ArrowTab__smart.Arrow.mid__smart.ArrowHead.top__smart.FrombarArrow_r1.log
393,exhaustive,arrow___smart.ArrowHead.top+_smart.FrombarArrow+_smart.VerticalArrow.mid,1,1689,3,2.942,ok,290624,logs/393_exhaustive_arrow___smart.ArrowHead.top__smart.FrombarArrow__smart.VerticalArrow.mid_r1.log
394,exhaustive,arrow___ArrowTab+_smart.Arrow.mid+_smart.ArrowHead+_smart.DoubleArrow.mid,1,1746,4,3.494,ok,295960,logs/394_exhaustive_arrow___ArrowTab__smart.Arrow.mid__smart.ArrowHead__smart.DoubleArrow.mid_r1.log
395,exhaustive,arrow___ArrowTab+_smart.ArrowHead.top+_smart.FrombarArrow,1,1691,3,3.051,ok,290624,logs/395_exhaustive_arrow___ArrowTab__smart.ArrowHead.top__smart.FrombarArrow_r1.log
396,exhaustive,arrow___smart.Arrow.mid+_smart.ArrowHead.top+_smart.VerticalArrow.mid,1,1782,3,5.519,ok,319152,logs/396_exhaustive_arrow___smart.Arrow.mid__smart.ArrowHead.top__smart.VerticalArrow.mid_r1.log
397,exhaustive,arrow___smart.Arrow.mid+_smart.ArrowHead,1,1723,2,3.417,ok,295800,logs/397_exhaustive_arrow___smart.Arrow.mid__smart.ArrowHead_r1.log
398,exhaustive,arrow___ArrowTab+_smart.Arrow.mid+_smart.ArrowHead+_smart.FrombarArrow,1,1738,4,3.523,ok,295800,logs/398_exhaustive_arrow___ArrowTab__smart.Arrow.mid__smart.ArrowHead__smart.FrombarArrow_r1.log
399,exhaustive,arrow___smart.Arrow.mid+_smart.FrombarArrow,1,1723,2,3.437,ok,295800,logs/399_exhaustive_arrow___smart.Arrow.mid__smart.FrombarArrow_r1.log
400,exhaustive,arrow___ArrowTab+_smart.Arrow.mid+_smart.ArrowHead.top+_smart.VerticalArrow.mid,1,1808,4,5.783,ok,323028,logs/400_exhaustive_arrow___ArrowTab__smart.Arrow.mid__smart.ArrowHead.top__smart.VerticalArrow.mid_r1.log
401,exhaustive,arrow___ArrowTab+_smart.ArrowHead+_smart.VerticalArrow.mid,1,1691,3,2.912,ok,290624,logs/401_exhaustive_arrow___ArrowTab__smart.ArrowHead__smart.VerticalArrow.mid_r1.log
402,exhaustive,arrow___smart.Arrow.mid+_smart.FrombarArrow+_smart.VerticalArrow.mid,1,1725,3,3.385,ok,295800,logs/402_exhaustive_arrow___smart.Arrow.mid__smart.FrombarArrow__smart.VerticalArrow.mid_r1.log
403,exhaustive,arrow___ArrowTab+_smart.ArrowHead+_smart.ArrowHead.top+_smart.DoubleArrow.mid+_smart.FrombarArrow+_smart.VerticalArrow.mid,1,1732,6,4.74,ok,323900,logs/403_exhaustive_arrow___ArrowTab__smart.ArrowHead__smart.ArrowHead.top__smart.DoubleArrow.mid__smart.FrombarArrow__s_r1.log
404,exhaustive,arrow___ArrowTab+_smart.ArrowHead.top+_smart.DoubleArrow.mid,1,1704,3,3.018,ok,290800,logs/404_exhaustive_arrow___ArrowTab__smart.ArrowHead.top__smart.DoubleArrow.mid_r1.log
405,exhaustive,arrow___ArrowTab+_smart.DoubleArrow.mid+_smart.VerticalArrow.mid,1,1704,3,2.979,ok,290800,logs/405_exhaustive_arrow___ArrowTab__smart.DoubleArrow.mid__smart.VerticalArrow.mid_r1.log
406,exhaustive,arrow___ArrowTab+_smart.ArrowHead.top+_smart.DoubleArrow.mid+_smart.VerticalArrow.mid,1,1706,4,3.061,ok,290800,logs/406_exhaustive_arrow___ArrowTab__smart.ArrowHead.top__smart.DoubleArrow.mid__smart.VerticalArrow.mid_r1.log
407,exhaustive,arrow___smart.Arrow.mid+_smart.DoubleArrow.mid+_smart.FrombarArrow+_smart.VerticalArrow.mid,1,1732,4,3.473,ok,295960,logs/407_exhaustive_arrow___smart.Arrow.mid__smart.DoubleArrow.mid__smart.FrombarArrow__smart.VerticalArrow.mid_r1.log
408,exhaustive,arrow___ArrowTab+_smart.Arrow.mid+_smart.FrombarArrow,1,1738,3,3.489,ok,295800,logs/408_exhaustive_arrow___ArrowTab__smart.Arrow.mid__smart.FrombarArrow_r1.log
409,exhaustive,arrow___smart.ArrowHead+_smart.ArrowHead.top+_smart.DoubleArrow.mid+_smart.FrombarArrow,1,1710,4,3.707,ok,306348,logs/409_exhaustive_arrow___smart.ArrowHead__smart.ArrowHead.top__smart.DoubleArrow.mid__smart.FrombarArrow_r1.log
410,exhaustive,arrow___ArrowTab+_smart.Arrow.mid+_smart.DoubleArrow.mid+_smart.FrombarArrow+_smart.VerticalArrow.mid,1,1753,5,3.555,ok,295960,logs/410_exhaustive_arrow___ArrowTab__smart.Arrow.mid__smart.DoubleArrow.mid__smart.FrombarArrow__smart.VerticalArrow.mi_r1.log
411,checkpoint,no_smart_11,1,1685,0,2.879,ok,290624,logs/411_checkpoint_no_smart_11_r1.log
412,exhaustive,arrow___smart.DoubleArrow.mid,1,1692,1,2.919,ok,290800,logs/412_exhaustive_arrow___smart.DoubleArrow.mid_r1.log
413,exhaustive,arrow___ArrowTab+_smart.Arrow.mid+_smart.FrombarArrow+_smart.VerticalArrow.mid,1,1740,4,3.562,ok,295800,logs/413_exhaustive_arrow___ArrowTab__smart.Arrow.mid__smart.FrombarArrow__smart.VerticalArrow.mid_r1.log
414,exhaustive,arrow___smart.VerticalArrow.mid,1,1687,1,2.918,ok,290624,logs/414_exhaustive_arrow___smart.VerticalArrow.mid_r1.log
415,exhaustive,arrow___smart.Arrow.mid+_smart.ArrowHead.top+_smart.DoubleArrow.mid,1,1779,3,5.533,ok,319308,logs/415_exhaustive_arrow___smart.Arrow.mid__smart.ArrowHead.top__smart.DoubleArrow.mid_r1.log
416,exhaustive,arrow___smart.Arrow.mid+_smart.DoubleArrow.mid,1,1730,2,3.431,ok,295960,logs/416_exhaustive_arrow___smart.Arrow.mid__smart.DoubleArrow.mid_r1.log
417,exhaustive,arrow___smart.FrombarArrow+_smart.VerticalArrow.mid,1,1687,2,2.899,ok,290624,logs/417_exhaustive_arrow___smart.FrombarArrow__smart.VerticalArrow.mid_r1.log
418,exhaustive,arrow___ArrowTab+_smart.ArrowHead,1,1689,2,2.909,ok,290624,logs/418_exhaustive_arrow___ArrowTab__smart.ArrowHead_r1.log
419,exhaustive,arrow___smart.ArrowHead+_smart.DoubleArrow.mid+_smart.VerticalArrow.mid,1,1694,3,2.947,ok,290800,logs/419_exhaustive_arrow___smart.ArrowHead__smart.DoubleArrow.mid__smart.VerticalArrow.mid_r1.log
420,exhaustive,arrow___smart.ArrowHead+_smart.DoubleArrow.mid,1,1692,2,2.926,ok,290800,logs/420_exhaustive_arrow___smart.ArrowHead__smart.DoubleArrow.mid_r1.log
421,exhaustive,arrow___smart.ArrowHead+_smart.ArrowHead.top+_smart.FrombarArrow,1,1694,3,3.355,ok,293300,logs/421_exhaustive_arrow___smart.ArrowHead__smart.ArrowHead.top__smart.FrombarArrow_r1.log
422,exhaustive,arrow___ArrowTab+_smart.ArrowHead+_smart.FrombarArrow,1,1689,3,2.904,ok,290624,logs/422_exhaustive_arrow___ArrowTab__smart.ArrowHead__smart.FrombarArrow_r1.log
423,exhaustive,arrow___ArrowTab+_smart.DoubleArrow.mid,1,1702,2,2.968,ok,290800,logs/423_exhaustive_arrow___ArrowTab__smart.DoubleArrow.mid_r1.log
424,exhaustive,arrow___smart.ArrowHead+_smart.ArrowHead.top,1,1694,2,3.339,ok,293300,logs/424_exhaustive_arrow___smart.ArrowHead__smart.ArrowHead.top_r1.log
425,exhaustive,arrow___smart.Arrow.mid+_smart.DoubleArrow.mid+_smart.FrombarArrow,1,1730,3,3.458,ok,295960,logs/425_exhaustive_arrow___smart.Arrow.mid__smart.DoubleArrow.mid__smart.FrombarArrow_r1.log
426,exhaustive,arrow___ArrowTab+_smart.ArrowHead.top+_smart.DoubleArrow.mid+_smart.FrombarArrow+_smart.VerticalArrow.mid,1,1706,5,3.073,ok,290800,logs/426_exhaustive_arrow___ArrowTab__smart.ArrowHead.top__smart.DoubleArrow.mid__smart.FrombarArrow__smart.VerticalArro_r1.log
427,exhaustive,arrow___smart.Arrow.mid+_smart.ArrowHead+_smart.ArrowHead.top+_smart.FrombarArrow+_smart.VerticalArrow.mid,1,1823,5,7.942,ok,352732,logs/427_exhaustive_arrow___smart.Arrow.mid__smart.ArrowHead__smart.ArrowHead.top__smart.FrombarArrow__smart.VerticalArr_r1.log
428,exhaustive,arrow___smart.Arrow.mid+_smart.ArrowHead.top+_smart.FrombarArrow,1,1772,3,5.425,ok,319152,logs/428_exhaustive_arrow___smart.Arrow.mid__smart.ArrowHead.top__smart.FrombarArrow_r1.log
429,exhaustive,arrow___smart.Arrow.mid+_smart.ArrowHead+_smart.ArrowHead.top+_smart.DoubleArrow.mid,1,1825,4,8.02,ok,365728,logs/429_exhaustive_arrow___smart.Arrow.mid__smart.ArrowHead__smart.ArrowHead.top__smart.DoubleArrow.mid_r1.log
430,exhaustive,arrow___smart.ArrowHead+_smart.VerticalArrow.mid,1,1687,2,2.867,ok,290624,logs/430_exhaustive_arrow___smart.ArrowHead__smart.VerticalArrow.mid_r1.log
431,exhaustive,arrow___ArrowTab+_smart.Arrow.mid+_smart.DoubleArrow.mid+_smart.FrombarArrow,1,1751,4,3.543,ok,295960,logs/431_exhaustive_arrow___ArrowTab__smart.Arrow.mid__smart.DoubleArrow.mid__smart.FrombarArrow_r1.log
432,exhaustive,arrow___ArrowTab+_smart.ArrowHead+_smart.DoubleArrow.mid,1,1702,3,2.946,ok,290800,logs/432_exhaustive_arrow___ArrowTab__smart.ArrowHead__smart.DoubleArrow.mid_r1.log
433,exhaustive,arrow___smart.Arrow.mid+_smart.ArrowHead+_smart.DoubleArrow.mid+_smart.FrombarArrow+_smart.VerticalArrow.mid,1,1732,5,3.418,ok,295960,logs/433_exhaustive_arrow___smart.Arrow.mid__smart.ArrowHead__smart.DoubleArrow.mid__smart.FrombarArrow__smart.VerticalA_r1.log
434,exhaustive,arrow___ArrowTab+_smart.FrombarArrow+_smart.VerticalArrow.mid,1,1691,3,2.897,ok,290624,logs/434_exhaustive_arrow___ArrowTab__smart.FrombarArrow__smart.VerticalArrow.mid_r1.log
435,exhaustive,arrow___ArrowTab+_smart.ArrowHead+_smart.DoubleArrow.mid+_smart.FrombarArrow,1,1702,4,2.956,ok,290800,logs/435_exhaustive_arrow___ArrowTab__smart.ArrowHead__smart.DoubleArrow.mid__smart.FrombarArrow_r1.log
436,exhaustive,arrow___ArrowTab,1,1689,1,2.903,ok,290624,logs/436_exhaustive_arrow___ArrowTab_r1.log
437,exhaustive,arrow___smart.ArrowHead+_smart.ArrowHead.top+_smart.VerticalArrow.mid,1,1696,3,4.429,ok,293300,logs/437_exhaustive_arrow___smart.ArrowHead__smart.ArrowHead.top__smart.VerticalArrow.mid_r1.log
438,exhaustive,arrow___ArrowTab+_smart.DoubleArrow.mid+_smart.FrombarArrow+_smart.VerticalArrow.mid,1,1704,4,3.498,ok,290800,logs/438_exhaustive_arrow___ArrowTab__smart.DoubleArrow.mid__smart.FrombarArrow__smart.VerticalArrow.mid_r1.log
439,exhaustive,arrow___ArrowTab+_smart.Arrow.mid+_smart.ArrowHead.top+_smart.FrombarArrow+_smart.VerticalArrow.mid,1,1821,5,7.69,ok,326424,logs/439_exhaustive_arrow___ArrowTab__smart.Arrow.mid__smart.ArrowHead.top__smart.FrombarArrow__smart.VerticalArrow.mid_r1.log
440,exhaustive,arrow___smart.Arrow.mid+_smart.ArrowHead+_smart.DoubleArrow.mid,1,1730,3,3.621,ok,295960,logs/440_exhaustive_arrow___smart.Arrow.mid__smart.ArrowHead__smart.DoubleArrow.mid_r1.log
441,exhaustive,arrow___ArrowTab+_smart.Arrow.mid+_smart.ArrowHead+_smart.ArrowHead.top+_smart.DoubleArrow.mid+_smart.FrombarArrow,1,1906,6,15.111,ok,445688,logs/441_exhaustive_arrow___ArrowTab__smart.Arrow.mid__smart.ArrowHead__smart.ArrowHead.top__smart.DoubleArrow.mid__smar_r1.log
442,exhaustive,arrow___ArrowTab+_smart.Arrow.mid+_smart.ArrowHead+_smart.ArrowHead.top+_smart.DoubleArrow.mid,1,1892,5,15.207,ok,435560,logs/442_exhaustive_arrow___ArrowTab__smart.Arrow.mid__smart.ArrowHead__smart.ArrowHead.top__smart.DoubleArrow.mid_r1.log
443,exhaustive,arrow___smart.Arrow.mid+_smart.DoubleArrow.mid+_smart.VerticalArrow.mid,1,1732,3,3.626,ok,295960,logs/443_exhaustive_arrow___smart.Arrow.mid__smart.DoubleArrow.mid__smart.VerticalArrow.mid_r1.log
444,exhaustive,arrow___ArrowTab+_smart.Arrow.mid+_smart.ArrowHead+_smart.FrombarArrow+_smart.VerticalArrow.mid,1,1740,5,3.873,ok,295800,logs/444_exhaustive_arrow___ArrowTab__smart.Arrow.mid__smart.ArrowHead__smart.FrombarArrow__smart.VerticalArrow.mid_r1.log
445,exhaustive,arrow___smart.ArrowHead.top+_smart.DoubleArrow.mid,1,1694,2,3.223,ok,290800,logs/445_exhaustive_arrow___smart.ArrowHead.top__smart.DoubleArrow.mid_r1.log
446,exhaustive,arrow___ArrowTab+_smart.ArrowHead+_smart.ArrowHead.top+_smart.VerticalArrow.mid,1,1700,4,3.605,ok,293300,logs/446_exhaustive_arrow___ArrowTab__smart.ArrowHead__smart.ArrowHead.top__smart.VerticalArrow.mid_r1.log
447,exhaustive,arrow___smart.Arrow.mid+_smart.ArrowHead+_smart.FrombarArrow,1,1723,3,3.684,ok,295800,logs/447_exhaustive_arrow___smart.Arrow.mid__smart.ArrowHead__smart.FrombarArrow_r1.log
448,exhaustive,arrow___smart.DoubleArrow.mid+_smart.FrombarArrow,1,1692,2,3.441,ok,290800,logs/448_exhaustive_arrow___smart.DoubleArrow.mid__smart.FrombarArrow_r1.log
449,exhaustive,arrow___ArrowTab+_smart.Arrow.mid+_smart.ArrowHead+_smart.VerticalArrow.mid,1,1735,4,3.793,ok,295800,logs/449_exhaustive_arrow___ArrowTab__smart.Arrow.mid__smart.ArrowHead__smart.VerticalArrow.mid_r1.log
450,exhaustive,arrow___smart.ArrowHead+_smart.FrombarArrow,1,1685,2,3.209,ok,290624,logs/450_exhaustive_arrow___smart.ArrowHead__smart.FrombarArrow_r1.log
451,exhaustive,arrow___smart.Arrow.mid,1,1723,1,3.77,ok,295800,logs/451_exhaustive_arrow___smart.Arrow.mid_r1.log
452,checkpoint,no_smart_12,1,1685,0,3.396,ok,290624,logs/452_checkpoint_no_smart_12_r1.log
453,exhaustive,arrow___ArrowTab+_smart.Arrow.mid+_smart.ArrowHead.top+_smart.DoubleArrow.mid+_smart.VerticalArrow.mid,1,1821,5,6.048,ok,323184,logs/453_exhaustive_arrow___ArrowTab__smart.Arrow.mid__smart.ArrowHead.top__smart.DoubleArrow.mid__smart.VerticalArrow.m_r1.log
454,exhaustive,arrow___ArrowTab+_smart.ArrowHead+_smart.ArrowHead.top+_smart.DoubleArrow.mid,1,1730,4,4.898,ok,323900,logs/454_exhaustive_arrow___ArrowTab__smart.ArrowHead__smart.ArrowHead.top__smart.DoubleArrow.mid_r1.log
455,exhaustive,arrow___ArrowTab+_smart.Arrow.mid+_smart.ArrowHead.top+_smart.DoubleArrow.mid+_smart.FrombarArrow,1,1816,5,6.466,ok,326580,logs/455_exhaustive_arrow___ArrowTab__smart.Arrow.mid__smart.ArrowHead.top__smart.DoubleArrow.mid__smart.FrombarArrow_r1.log
456,exhaustive,arrow___ArrowTab+_smart.ArrowHead+_smart.ArrowHead.top+_smart.DoubleArrow.mid+_smart.VerticalArrow.mid,1,1732,5,5.231,ok,323900,logs/456_exhaustive_arrow___ArrowTab__smart.ArrowHead__smart.ArrowHead.top__smart.DoubleArrow.mid__smart.VerticalArrow.m_r1.log
457,exhaustive,arrow___ArrowTab+_smart.Arrow.mid+_smart.ArrowHead+_smart.ArrowHead.top+_smart.FrombarArrow+_smart.VerticalArrow.mid,1,1900,6,13.824,ok,415304,logs/457_exhaustive_arrow___ArrowTab__smart.Arrow.mid__smart.ArrowHead__smart.ArrowHead.top__smart.FrombarArrow__smart.V_r1.log
458,exhaustive,arrow___smart.ArrowHead.top+_smart.VerticalArrow.mid,1,1689,2,3.294,ok,290624,logs/458_exhaustive_arrow___smart.ArrowHead.top__smart.VerticalArrow.mid_r1.log
459,exhaustive,arrow___smart.ArrowHead.top+_smart.DoubleArrow.mid+_smart.FrombarArrow,1,1694,3,3.199,ok,290800,logs/459_exhaustive_arrow___smart.ArrowHead.top__smart.DoubleArrow.mid__smart.FrombarArrow_r1.log
460,exhaustive,arrow___smart.ArrowHead,1,1685,1,3.102,ok,290624,logs/460_exhaustive_arrow___smart.ArrowHead_r1.log
461,exhaustive,arrow___ArrowTab+_smart.Arrow.mid+_smart.DoubleArrow.mid+_smart.VerticalArrow.mid,1,1748,4,3.757,ok,295960,logs/461_exhaustive_arrow___ArrowTab__smart.Arrow.mid__smart.DoubleArrow.mid__smart.VerticalArrow.mid_r1.log
462,exhaustive,arrow___smart.Arrow.mid+_smart.ArrowHead.top+_smart.DoubleArrow.mid+_smart.FrombarArrow,1,1779,4,6.003,ok,319308,logs/462_exhaustive_arrow___smart.Arrow.mid__smart.ArrowHead.top__smart.DoubleArrow.mid__smart.FrombarArrow_r1.log
463,exhaustive,arrow___smart.ArrowHead.top+_smart.DoubleArrow.mid+_smart.FrombarArrow+_smart.VerticalArrow.mid,1,1696,4,3.029,ok,290800,logs/463_exhaustive_arrow___smart.ArrowHead.top__smart.DoubleArrow.mid__smart.FrombarArrow__smart.VerticalArrow.mid_r1.log
464,exhaustive,arrow___ArrowTab+_smart.ArrowHead+_smart.DoubleArrow.mid+_smart.VerticalArrow.mid,1,1704,4,3.013,ok,290800,logs/464_exhaustive_arrow___ArrowTab__smart.ArrowHead__smart.DoubleArrow.mid__smart.VerticalArrow.mid_r1.log
465,exhaustive,arrow___ArrowTab+_smart.Arrow.mid+_smart.ArrowHead+_smart.DoubleArrow.mid+_smart.FrombarArrow+_smart.VerticalArrow.mid,1,1753,6,3.628,ok,295960,logs/465_exhaustive_arrow___ArrowTab__smart.Arrow.mid__smart.ArrowHead__smart.DoubleArrow.mid__smart.FrombarArrow__smart_r1.log
466,exhaustive,arrow___smart.Arrow.mid+_smart.ArrowHead+_smart.ArrowHead.top+_smart.VerticalArrow.mid,1,1823,4,7.959,ok,352732,logs/466_exhaustive_arrow___smart.Arrow.mid__smart.ArrowHead__smart.ArrowHead.top__smart.VerticalArrow.mid_r1.log
467,exhaustive,arrow___ArrowTab+_smart.ArrowHead.top+_smart.FrombarArrow+_smart.VerticalArrow.mid,1,1693,4,3.221,ok,290624,logs/467_exhaustive_arrow___ArrowTab__smart.ArrowHead.top__smart.FrombarArrow__smart.VerticalArrow.mid_r1.log
468,exhaustive,arrow___smart.DoubleArrow.mid+_smart.FrombarArrow+_smart.VerticalArrow.mid,1,1694,3,2.976,ok,290800,logs/468_exhaustive_arrow___smart.DoubleArrow.mid__smart.FrombarArrow__smart.VerticalArrow.mid_r1.log
469,exhaustive,arrow___smart.Arrow.mid+_smart.ArrowHead+_smart.ArrowHead.top+_smart.DoubleArrow.mid+_smart.FrombarArrow,1,1825,5,8.165,ok,365728,logs/469_exhaustive_arrow___smart.Arrow.mid__smart.ArrowHead__smart.ArrowHead.top__smart.DoubleArrow.mid__smart.FrombarA_r1.log
470,exhaustive,arrow___ArrowTab+_smart.ArrowHead.top+_smart.VerticalArrow.mid,1,1693,3,3.014,ok,290624,logs/470_exhaustive_arrow___ArrowTab__smart.ArrowHead.top__smart.VerticalArrow.mid_r1.log
471,exhaustive,arrow___ArrowTab+_smart.Arrow.mid+_smart.ArrowHead+_smart.DoubleArrow.mid+_smart.FrombarArrow,1,1751,5,3.606,ok,295960,logs/471_exhaustive_arrow___ArrowTab__smart.Arrow.mid__smart.ArrowHead__smart.DoubleArrow.mid__smart.FrombarArrow_r1.log
472,exhaustive,arrow___ArrowTab+_smart.ArrowHead+_smart.ArrowHead.top,1,1698,3,3.41,ok,293300,logs/472_exhaustive_arrow___ArrowTab__smart.ArrowHead__smart.ArrowHead.top_r1.log
473,exhaustive,arrow___smart.Arrow.mid+_smart.ArrowHead+_smart.ArrowHead.top+_smart.DoubleArrow.mid+_smart.VerticalArrow.mid,1,1839,5,8.607,ok,365728,logs/473_exhaustive_arrow___smart.Arrow.mid__smart.ArrowHead__smart.ArrowHead.top__smart.DoubleArrow.mid__smart.Vertical_r1.log
474,exhaustive,arrow___ArrowTab+_smart.Arrow.mid+_smart.ArrowHead+_smart.DoubleArrow.mid+_smart.VerticalArrow.mid,1,1748,5,4.081,ok,295960,logs/474_exhaustive_arrow___ArrowTab__smart.Arrow.mid__smart.ArrowHead__smart.DoubleArrow.mid__smart.VerticalArrow.mid_r1.log
475,exhaustive,arrow___ArrowTab+_smart.ArrowHead+_smart.ArrowHead.top+_smart.FrombarArrow,1,1698,4,3.495,ok,293300,logs/475_exhaustive_arrow___ArrowTab__smart.ArrowHead__smart.ArrowHead.top__smart.FrombarArrow_r1.log
476,exhaustive,arrow___smart.DoubleArrow.mid+_smart.VerticalArrow.mid,1,1694,2,2.987,ok,290800,logs/476_exhaustive_arrow___smart.DoubleArrow.mid__smart.VerticalArrow.mid_r1.log
477,exhaustive,arrow___smart.ArrowHead+_smart.ArrowHead.top+_smart.DoubleArrow.mid,1,1710,3,4.068,ok,306348,logs/477_exhaustive_arrow___smart.ArrowHead__smart.ArrowHead.top__smart.DoubleArrow.mid_r1.log
478,exhaustive,arrow___smart.Arrow.mid+_smart.ArrowHead.top+_smart.DoubleArrow.mid+_smart.FrombarArrow+_smart.VerticalArrow.mid,1,1789,5,6.034,ok,319308,logs/478_exhaustive_arrow___smart.Arrow.mid__smart.ArrowHead.top__smart.DoubleArrow.mid__smart.FrombarArrow__smart.Verti_r1.log
479,exhaustive,arrow___smart.Arrow.mid+_smart.VerticalArrow.mid,1,1725,2,3.698,ok,295800,logs/479_exhaustive_arrow___smart.Arrow.mid__smart.VerticalArrow.mid_r1.log
480,exhaustive,arrow___ArrowTab+_smart.Arrow.mid+_smart.ArrowHead,1,1733,3,3.841,ok,295800,logs/480_exhaustive_arrow___ArrowTab__smart.Arrow.mid__smart.ArrowHead_r1.log
481,exhaustive,arrow___ArrowTab+_smart.Arrow.mid+_smart.VerticalArrow.mid,1,1735,3,3.52,ok,295800,logs/481_exhaustive_arrow___ArrowTab__smart.Arrow.mid__smart.VerticalArrow.mid_r1.log
482,exhaustive,arrow___smart.Arrow.mid+_smart.ArrowHead+_smart.VerticalArrow.mid,1,1725,3,3.709,ok,295800,logs/482_exhaustive_arrow___smart.Arrow.mid__smart.ArrowHead__smart.VerticalArrow.mid_r1.log
483,exhaustive,arrow___ArrowTab+_smart.DoubleArrow.mid+_smart.FrombarArrow,1,1702,3,3.048,ok,290800,logs/483_exhaustive_arrow___ArrowTab__smart.DoubleArrow.mid__smart.FrombarArrow_r1.log
484,exhaustive,arrow___ArrowTab+_smart.FrombarArrow,1,1689,2,3.037,ok,290624,logs/484_exhaustive_arrow___ArrowTab__smart.FrombarArrow_r1.log
485,exhaustive,arrow___ArrowTab+_smart.Arrow.mid+_smart.ArrowHead.top+_smart.DoubleArrow.mid,1,1807,4,5.889,ok,323184,logs/485_exhaustive_arrow___ArrowTab__smart.Arrow.mid__smart.ArrowHead.top__smart.DoubleArrow.mid_r1.log
486,exhaustive,arrow___smart.ArrowHead+_smart.ArrowHead.top+_smart.FrombarArrow+_smart.VerticalArrow.mid,1,1696,4,3.342,ok,293300,logs/486_exhaustive_arrow___smart.ArrowHead__smart.ArrowHead.top__smart.FrombarArrow__smart.VerticalArrow.mid_r1.log
487,exhaustive,arrow___smart.ArrowHead+_smart.ArrowHead.top+_smart.DoubleArrow.mid+_smart.VerticalArrow.mid,1,1712,4,4.153,ok,306348,logs/487_exhaustive_arrow___smart.ArrowHead__smart.ArrowHead.top__smart.DoubleArrow.mid__smart.VerticalArrow.mid_r1.log
488,exhaustive,arrow___smart.ArrowHead+_smart.ArrowHead.top+_smart.DoubleArrow.mid+_smart.FrombarArrow+_smart.VerticalArrow.mid,1,1712,5,3.969,ok,306348,logs/488_exhaustive_arrow___smart.ArrowHead__smart.ArrowHead.top__smart.DoubleArrow.mid__smart.FrombarArrow__smart.Verti_r1.log
489,exhaustive,arrow___smart.ArrowHead+_smart.FrombarArrow+_smart.VerticalArrow.mid,1,1687,3,3.117,ok,290624,logs/489_exhaustive_arrow___smart.ArrowHead__smart.FrombarArrow__smart.VerticalArrow.mid_r1.log
490,exhaustive,arrow___smart.Arrow.mid+_smart.ArrowHead.top+_smart.FrombarArrow+_smart.VerticalArrow.mid,1,1782,4,5.64,ok,319152,logs/490_exhaustive_arrow___smart.Arrow.mid__smart.ArrowHead.top__smart.FrombarArrow__smart.VerticalArrow.mid_r1.log
491,exhaustive,arrow___ArrowTab+_smart.ArrowHead.top,1,1691,2,3.032,ok,290624,logs/491_exhaustive_arrow___ArrowTab__smart.ArrowHead.top_r1.log
492,exhaustive,arrow___ArrowTab+_smart.ArrowHead+_smart.DoubleArrow.mid+_smart.FrombarArrow+_smart.VerticalArrow.mid,1,1704,5,3.032,ok,290800,logs/492_exhaustive_arrow___ArrowTab__smart.ArrowHead__smart.DoubleArrow.mid__smart.FrombarArrow__smart.VerticalArrow.mi_r1.log
493,checkpoint,no_smart_13,1,1685,0,2.955,ok,290624,logs/493_checkpoint_no_smart_13_r1.log
494,exhaustive,arrow___smart.ArrowHead.top+_smart.DoubleArrow.mid+_smart.VerticalArrow.mid,1,1696,3,3.008,ok,290800,logs/494_exhaustive_arrow___smart.ArrowHead.top__smart.DoubleArrow.mid__smart.VerticalArrow.mid_r1.log
495,exhaustive,arrow___smart.Arrow.mid+_smart.ArrowHead+_smart.DoubleArrow.mid+_smart.FrombarArrow,1,1730,4,3.526,ok,295960,logs/495_exhaustive_arrow___smart.Arrow.mid__smart.ArrowHead__smart.DoubleArrow.mid__smart.FrombarArrow_r1.log
496,exhaustive,arrow___smart.Arrow.mid+_smart.ArrowHead+_smart.ArrowHead.top+_smart.FrombarArrow,1,1809,4,7.754,ok,352732,logs/496_exhaustive_arrow___smart.Arrow.mid__smart.ArrowHead__smart.ArrowHead.top__smart.FrombarArrow_r1.log
497,exhaustive,arrow___smart.Arrow.mid+_smart.ArrowHead.top,1,1772,2,5.56,ok,319152,logs/497_exhaustive_arrow___smart.Arrow.mid__smart.ArrowHead.top_r1.log
498,exhaustive,arrow___smart.ArrowHead+_smart.DoubleArrow.mid+_smart.FrombarArrow+_smart.VerticalArrow.mid,1,1694,4,2.945,ok,290800,logs/498_exhaustive_arrow___smart.ArrowHead__smart.DoubleArrow.mid__smart.FrombarArrow__smart.VerticalArrow.mid_r1.log
499,exhaustive,arrow___ArrowTab+_smart.ArrowHead+_smart.FrombarArrow+_smart.VerticalArrow.mid,1,1691,4,2.948,ok,290624,logs/499_exhaustive_arrow___ArrowTab__smart.ArrowHead__smart.FrombarArrow__smart.VerticalArrow.mid_r1.log
500,exhaustive,arrow___smart.Arrow.mid+_smart.ArrowHead+_smart.ArrowHead.top+_smart.DoubleArrow.mid+_smart.FrombarArrow+_smart.VerticalArrow.mid,1,1839,6,8.238,ok,365728,logs/500_exhaustive_arrow___smart.Arrow.mid__smart.ArrowHead__smart.ArrowHead.top__smart.DoubleArrow.mid__smart.FrombarA_r1.log
501,exhaustive,arrow___ArrowTab+_smart.Arrow.mid+_smart.ArrowHead.top,1,1794,3,5.915,ok,323028,logs/501_exhaustive_arrow___ArrowTab__smart.Arrow.mid__smart.ArrowHead.top_r1.log
502,exhaustive,arrow___smart.Arrow.mid+_smart.ArrowHead+_smart.DoubleArrow.mid+_smart.VerticalArrow.mid,1,1732,4,3.495,ok,295960,logs/502_exhaustive_arrow___smart.Arrow.mid__smart.ArrowHead__smart.DoubleArrow.mid__smart.VerticalArrow.mid_r1.log
503,exhaustive,arrow___ArrowTab+_smart.Arrow.mid+_smart.ArrowHead+_smart.ArrowHead.top+_smart.VerticalArrow.mid,1,1880,5,11.835,ok,405124,logs/503_exhaustive_arrow___ArrowTab__smart.Arrow.mid__smart.ArrowHead__smart.ArrowHead.top__smart.VerticalArrow.mid_r1.log
504,exhaustive,arrow___ArrowTab+_smart.Arrow.mid+_smart.ArrowHead+_smart.ArrowHead.top,1,1860,4,13.141,ok,405124,logs/504_exhaustive_arrow___ArrowTab__smart.Arrow.mid__smart.ArrowHead__smart.ArrowHead.top_r1.log
505,exhaustive,arrow___smart.Arrow.mid+_smart.ArrowHead+_smart.FrombarArrow+_smart.VerticalArrow.mid,1,1725,4,4.315,ok,295800,logs/505_exhaustive_arrow___smart.Arrow.mid__smart.ArrowHead__smart.FrombarArrow__smart.VerticalArrow.mid_r1.log
506,exhaustive,arrow___smart.ArrowHead+_smart.DoubleArrow.mid+_smart.FrombarArrow,1,1692,3,4.1,ok,290800,logs/506_exhaustive_arrow___smart.ArrowHead__smart.DoubleArrow.mid__smart.FrombarArrow_r1.log
507,exhaustive,arrow___ArrowTab+_smart.Arrow.mid+_smart.ArrowHead+_smart.ArrowHead.top+_smart.DoubleArrow.mid+_smart.VerticalArrow.mid,1,1912,6,20.212,ok,435560,logs/507_exhaustive_arrow___ArrowTab__smart.Arrow.mid__smart.ArrowHead__smart.ArrowHead.top__smart.DoubleArrow.mid__smar_r1.log
508,exhaustive,arrow___smart.FrombarArrow,1,1685,1,3.669,ok,290624,logs/508_exhaustive_arrow___smart.FrombarArrow_r1.log
509,exhaustive,arrow___ArrowTab+_smart.VerticalArrow.mid,1,1691,2,3.339,ok,290624,logs/509_exhaustive_arrow___ArrowTab__smart.VerticalArrow.mid_r1.log
510,exhaustive,arrow___smart.Arrow.mid+_smart.ArrowHead+_smart.ArrowHead.top,1,1809,3,7.883,ok,352732,logs/510_exhaustive_arrow___smart.Arrow.mid__smart.ArrowHead__smart.ArrowHead.top_r1.log
511,exhaustive,arrow___ArrowTab+_smart.Arrow.mid+_smart.ArrowHead+_smart.ArrowHead.top+_smart.FrombarArrow,1,1874,5,13.159,ok,415304,logs/511_exhaustive_arrow___ArrowTab__smart.Arrow.mid__smart.ArrowHead__smart.ArrowHead.top__smart.FrombarArrow_r1.log
512,exhaustive,arrow___ArrowTab+_smart.ArrowHead+_smart.ArrowHead.top+_smart.FrombarArrow+_smart.VerticalArrow.mid,1,1700,5,3.42,ok,293300,logs/512_exhaustive_arrow___ArrowTab__smart.ArrowHead__smart.ArrowHead.top__smart.FrombarArrow__smart.VerticalArrow.mid_r1.log
513,slow_repeat,math___smart.circle+_smart.contourIntegral+_smart.dblIntegral+_smart.integral+_smart.integral.bottom+_smart.integral.top+_smart.minus+_smart.multiply+_smart.multiply.circled+_smart.operator.circled+_smart.plus+_smart.plus.circled+_smart.quadrupleIntegral+_smart.tripleIntegral,2,1900,14,28.16,ok,320216,logs/513_slow_repeat_math___smart.circle__smart.contourIntegral__smart.dblIntegral__smart.integral__smart.integral.bottom_r2.log
514,slow_repeat,math___smart.circle+_smart.contourIntegral+_smart.dblIntegral+_smart.integral+_smart.integral.bottom+_smart.integral.top+_smart.minus+_smart.multiply+_smart.multiply.circled+_smart.operator.circled+_smart.plus+_smart.plus.circled+_smart.quadrupleIntegral+_smart.tripleIntegral,3,1900,14,28.771,ok,320216,logs/514_slow_repeat_math___smart.circle__smart.contourIntegral__smart.dblIntegral__smart.integral__smart.integral.bottom_r3.log
515,slow_repeat,math___smart.circle+_smart.contourIntegral+_smart.dblIntegral+_smart.integral+_smart.integral.bottom+_smart.integral.top+_smart.minus+_smart.multiply+_smart.multiply.circled+_smart.operator.circled+_smart.plus+_smart.plus.001+_smart.plus.circled+_smart.quadrupleIntegral+_smart.tripleIntegral,2,1901,15,27.091,ok,320216,logs/515_slow_repeat_math___smart.circle__smart.contourIntegral__smart.dblIntegral__smart.integral__smart.integral.bottom_r2.log
516,slow_repeat,math___smart.circle+_smart.contourIntegral+_smart.dblIntegral+_smart.integral+_smart.integral.bottom+_smart.integral.top+_smart.minus+_smart.multiply+_smart.multiply.circled+_smart.operator.circled+_smart.plus+_smart.plus.001+_smart.plus.circled+_smart.quadrupleIntegral+_smart.tripleIntegral,3,1901,15,26.808,ok,320216,logs/516_slow_repeat_math___smart.circle__smart.contourIntegral__smart.dblIntegral__smart.integral__smart.integral.bottom_r3.log
517,slow_repeat,math___smart.circle+_smart.contourIntegral+_smart.dblIntegral+_smart.integral+_smart.integral.bottom+_smart.integral.top+_smart.minus+_smart.multiply+_smart.multiply.circled+_smart.operator.circled+_smart.plus+_smart.plus.circled+_smart.plus.circled.001+_smart.quadrupleIntegral+_smart.tripleIntegral,2,1901,15,26.969,ok,320216,logs/517_slow_repeat_math___smart.circle__smart.contourIntegral__smart.dblIntegral__smart.integral__smart.integral.bottom_r2.log
518,slow_repeat,math___smart.circle+_smart.contourIntegral+_smart.dblIntegral+_smart.integral+_smart.integral.bottom+_smart.integral.top+_smart.minus+_smart.multiply+_smart.multiply.circled+_smart.operator.circled+_smart.plus+_smart.plus.circled+_smart.plus.circled.001+_smart.quadrupleIntegral+_smart.tripleIntegral,3,1901,15,28.167,ok,320216,logs/518_slow_repeat_math___smart.circle__smart.contourIntegral__smart.dblIntegral__smart.integral__smart.integral.bottom_r3.log
519,slow_repeat,math___smart.circle+_smart.contourIntegral+_smart.dblIntegral+_smart.integral+_smart.integral.bottom+_smart.integral.top+_smart.minus+_smart.multiply+_smart.multiply.circled+_smart.operator.circled+_smart.plus+_smart.plus.001+_smart.plus.circled+_smart.plus.circled.001+_smart.quadrupleIntegral+_smart.tripleIntegral,2,1902,16,27.62,ok,320216,logs/519_slow_repeat_math___smart.circle__smart.contourIntegral__smart.dblIntegral__smart.integral__smart.integral.bottom_r2.log
520,slow_repeat,math___smart.circle+_smart.contourIntegral+_smart.dblIntegral+_smart.integral+_smart.integral.bottom+_smart.integral.top+_smart.minus+_smart.multiply+_smart.multiply.circled+_smart.operator.circled+_smart.plus+_smart.plus.001+_smart.plus.circled+_smart.plus.circled.001+_smart.quadrupleIntegral+_smart.tripleIntegral,3,1902,16,27.199,ok,320216,logs/520_slow_repeat_math___smart.circle__smart.contourIntegral__smart.dblIntegral__smart.integral__smart.integral.bottom_r3.log
